-- phpMyAdmin SQL Dump
-- version 4.5.4.1
-- http://www.phpmyadmin.net
--
-- Client :  localhost
-- Généré le :  Jeu 06 Juin 2019 à 20:55
-- Version du serveur :  5.7.11
-- Version de PHP :  5.6.18

SET SQL_MODE = "NO_AUTO_VALUE_ON_ZERO";
SET time_zone = "+00:00";


/*!40101 SET @OLD_CHARACTER_SET_CLIENT=@@CHARACTER_SET_CLIENT */;
/*!40101 SET @OLD_CHARACTER_SET_RESULTS=@@CHARACTER_SET_RESULTS */;
/*!40101 SET @OLD_COLLATION_CONNECTION=@@COLLATION_CONNECTION */;
/*!40101 SET NAMES utf8mb4 */;

--
-- Base de données :  `qr_reponses_tags`
--

-- --------------------------------------------------------

--
-- Structure de la table `t_a_tags`
--

CREATE TABLE `t_a_tags` (
  `id_a_tags` int(11) NOT NULL,
  `fk_question` int(11) NOT NULL,
  `fk_tags` int(11) NOT NULL
) ENGINE=InnoDB DEFAULT CHARSET=utf8 COLLATE=utf8_bin;

-- --------------------------------------------------------

--
-- Structure de la table `t_categories`
--

CREATE TABLE `t_categories` (
  `id_categorie` int(11) NOT NULL,
  `Name_folder_cat` varchar(34) COLLATE utf8_bin DEFAULT NULL,
  `Name_category` varchar(32) COLLATE utf8_bin DEFAULT NULL,
  `Nom_categorie` varchar(54) COLLATE utf8_bin NOT NULL
) ENGINE=InnoDB DEFAULT CHARSET=utf8 COLLATE=utf8_bin;

--
-- Contenu de la table `t_categories`
--

INSERT INTO `t_categories` (`id_categorie`, `Name_folder_cat`, `Name_category`, `Nom_categorie`) VALUES
(1, 'acca', 'acceleration', ''),
(2, 'acloc', 'atomic clock', ''),
(3, 'acoustic/reverb', 'reverberation', ''),
(4, 'acoustic/revmod', 'Sabine formula', 'ACOUSTIQUE'),
(5, 'acoustic/revtim', 'reverberation time', ''),
(6, 'airfri', 'air friction', ''),
(7, 'airfri', 'viscous resistance', ''),
(8, 'airfri2', 'terminal velocity', ''),
(9, 'airfri2', 'velocity terminal', ''),
(10, 'airpw', 'airplane in wind', ''),
(11, 'alg', 'algebra', 'MATHEMATIQUE'),
(12, 'alg3', 'binomial expansion', ''),
(13, 'alg4', 'quadratic formula', ''),
(14, 'amom', 'angular momentum', ''),
(15, 'astro/bhocon', 'black hole', ''),
(16, 'astro/blkbin', 'Cygnus X-1', 'ASTRONOMIE'),
(17, 'astro/blkhol', 'event horizon', ''),
(18, 'astro/blkhol', 'photon sphere', ''),
(19, 'astro/blkhol', 'Schwarzschild radius', ''),
(20, 'astro/cosmic', 'cosmic rays', ''),
(21, 'astro/crab', 'Crab Nebula', ''),
(22, 'astro/crab', 'synchrotron radiation', ''),
(23, 'astro/dareng', 'dark energy', ''),
(24, 'astro/darmat', 'dark matter', ''),
(25, 'astro/fried', 'cosmological constant', ''),
(26, 'astro/fried', 'Friedmann equation', ''),
(27, 'astro/galax', 'Seyfert galaxies', ''),
(28, 'astro/herrus', 'Hertzsprung-Russell diagram', ''),
(29, 'astro/herrus', 'main sequence of stars', ''),
(30, 'astro/hubble', 'Hubble constant', ''),
(31, 'astro/hubble', 'Hubble law', ''),
(32, 'astro/para', 'astronomical unit', ''),
(33, 'astro/para', 'magnitude of star', ''),
(34, 'astro/para', 'parallax', ''),
(35, 'astro/para', 'parsec', ''),
(36, 'astro/procyc', 'proton-proton fusion', ''),
(37, 'astro/pulsar', 'neutron degeneracy', ''),
(38, 'astro/pulsar', 'neutron star', ''),
(39, 'astro/pulsar', 'pulsar', ''),
(40, 'astro/quasar', 'gravitational lens', ''),
(41, 'astro/quasar', 'quasar', ''),
(42, 'astro/redgia', 'red giant star', ''),
(43, 'astro/redshf', 'red shift', ''),
(44, 'astro/redsup', 'red supergiant star', ''),
(45, 'astro/snovcn', 'supernova', ''),
(46, 'astro/whdwar', 'Chandrasekhar limit', ''),
(47, 'astro/whdwar', 'white dwarf star', ''),
(48, 'atmos/aurora', 'aurora', ''),
(49, 'atomic/auger', 'Auger effect', ''),
(50, 'atwd', 'Atwood\'s machine', ''),
(51, 'audio/bcast', 'AM radio', ''),
(52, 'audio/bcast', 'FM radio', ''),
(53, 'audio/bcast', 'radio AM ', ''),
(54, 'audio/bcast', 'radio FM', ''),
(55, 'audio/cdplay', 'compact disc', ''),
(56, 'audio/cross', 'crossover network', ''),
(57, 'audio/equal', 'pink noise', ''),
(58, 'audio/equal', 'white noise', ''),
(59, 'audio/Fourier', 'Fourier analysis', ''),
(60, 'audio/mic', 'microphone', ''),
(61, 'audio/pagi', 'digital delay', ''),
(62, 'audio/radio', 'Heterodyne principle', ''),
(63, 'audio/spk', 'loudspeaker', ''),
(64, 'audio/sumdif', 'bandwidth', ''),
(65, 'audio/sumdif', 'carrier wave', ''),
(66, 'audio/sumdif', 'sideband', ''),
(67, 'audio/tape', 'tape recording', ''),
(68, 'balpen', 'ballistic pendulum', ''),
(69, 'bike', 'bicycle wheel precession', ''),
(70, 'biology/atp', 'ATP', 'BIOLOGIE'),
(71, 'biology/celres', 'respiration cellular', ''),
(72, 'biology/glycolysis', 'glycolysis', ''),
(73, 'biology/tca', 'Krebs cycle', ''),
(74, 'biology/tca', 'TCA cycle', ''),
(75, 'bkg3k', ' background radiation', ''),
(76, 'bkg3k', 'COBE satellite', ''),
(77, 'bkg3k', 'cosmic background radiation', ''),
(78, 'boatc', 'boat in current', ''),
(79, 'bohr', 'angular momentum', ''),
(80, 'bohr', 'Bohr model', ''),
(81, 'brng', 'boomerang', ''),
(82, 'calc', 'calculus', ''),
(83, 'callim', 'limits in calculus', ''),
(84, 'carcr', 'car crash example', ''),
(85, 'cf', 'centripetal force', ''),
(86, 'chemical/bond', 'bond chemical', 'CHIMIE'),
(87, 'chemical/bond', 'covalent bond', ''),
(88, 'chemical/bond', 'ionic bond', ''),
(89, 'chemical/bondd', 'electron affinity', ''),
(90, 'chemical/bondd', 'electronegativity', ''),
(91, 'chemical/bondd', 'ionization energy', ''),
(92, 'chemical/watercon', 'water', ''),
(93, 'circ', 'circular motion', ''),
(94, 'circ', 'rotational motion', ''),
(95, 'cm', 'center of mass', 'PHYSIQUE'),
(96, 'cmplx', 'Euler relationship', ''),
(97, 'colcon', 'collisions', ''),
(98, 'conser', 'conservation laws', ''),
(99, 'conser', 'conservation of angular momentum', ''),
(100, 'conser', 'conservation of energy', ''),
(101, 'conser', 'conservation of momentum', ''),
(102, 'conser', 'isolated system', ''),
(103, 'coord', 'cartesian coordinates', ''),
(104, 'corf', 'centrifugal force', ''),
(105, 'corf', 'coriolis force', ''),
(106, 'cplxcon', 'complex numbers', ''),
(107, 'curl', 'curl', ''),
(108, 'davger', 'Davisson- Germer experiment', ''),
(109, 'de', 'differential equations', ''),
(110, 'debrog', 'DeBroglie wavelength', ''),
(111, 'dens', 'density', ''),
(112, 'deriv', 'derivative', ''),
(113, 'deter', 'determinant', ''),
(114, 'dist', 'distance relationship', ''),
(115, 'dist', 'line equation', ''),
(116, 'diverg', 'divergence', ''),
(117, 'doubal', 'gravity-assist orbit', ''),
(118, 'doubal', 'slingshot orbit', ''),
(119, 'eclip', 'celestial sphere', ''),
(120, 'eclip', 'declination', ''),
(121, 'eclip', 'ecliptic plane', ''),
(122, 'eclip', 'equinox', ''),
(123, 'eclip', 'right ascension', ''),
(124, 'eclip', 'solstice', ''),
(125, 'elacol', 'elastic collision', ''),
(126, 'electric/acres', 'rms current', 'ELECTROTECHNIQUE'),
(127, 'electric/acres', 'rms voltage', ''),
(128, 'electric/capac', 'capacitor', ''),
(129, 'electric/conins', 'conductor electric', ''),
(130, 'electric/conins', 'insulator electric', ''),
(131, 'electric/dielec', 'dielectric', ''),
(132, 'electric/dipole', 'dipole electric', ''),
(133, 'electric/elecur', 'charge electric', ''),
(134, 'electric/elecur', 'current electric', ''),
(135, 'electric/elecur', 'electric current', ''),
(136, 'electric/elefie', 'electric field', ''),
(137, 'electric/elefie', 'permeability', ''),
(138, 'electric/elefie', 'permittivity', ''),
(139, 'electric/elefor', 'Coulomb\'s law', ''),
(140, 'electric/elepe', 'electric potential energy', ''),
(141, 'electric/elepow', 'power electric', ''),
(142, 'electric/elevol', 'voltage', ''),
(143, 'electric/ev', 'electron volt', ''),
(144, 'electric/farlaw', 'Faraday\'s law', ''),
(145, 'electric/farlaw', 'Lenz\'s law', ''),
(146, 'electric/gaulaw', 'flux electric', ''),
(147, 'electric/gaulaw', 'Gauss\' law', ''),
(148, 'electric/gausur', 'Gaussian surface', ''),
(149, 'electric/imped', 'impedance', ''),
(150, 'electric/induct', 'inductance', ''),
(151, 'electric/laplace', 'LaPlace\'s equation', ''),
(152, 'electric/laplace', 'Poisson\'s equation', ''),
(153, 'electric/lighting', 'fluorescent light', ''),
(154, 'electric/lightning', 'lightning', ''),
(155, 'electric/norton', 'Norton\'s theorem', ''),
(156, 'electric/ohmlaw', 'current law', ''),
(157, 'electric/ohmlaw', 'Ohm\'s law', ''),
(158, 'electric/ohmlaw', 'voltage law', ''),
(159, 'electric/parres', 'admittance', ''),
(160, 'electric/phase', 'phase AC circuits', ''),
(161, 'electric/phase', 'phasor diagram', ''),
(162, 'electric/powfac', 'power factor', ''),
(163, 'electric/resis', 'resistance', ''),
(164, 'electric/resis', 'resistivity', ''),
(165, 'electric/serres', 'resonance electric', ''),
(166, 'electric/shock', 'electric shock', ''),
(167, 'electric/shock', 'shock electric', ''),
(168, 'electric/thevenin', 'Thevenin\'s theorem', ''),
(169, 'electric/vandeg', 'van de Graaff generator', ''),
(170, 'electric/voldiv', 'voltage divider', ''),
(171, 'electronic/oscope', 'oscilloscope', ''),
(172, 'ems1', 'electromagnetic spectrum', ''),
(173, 'ems2', 'microwaves', ''),
(174, 'ems3', 'gamma-rays', ''),
(175, 'ems3', 'infrared', ''),
(176, 'ems3', 'ultraviolet', ''),
(177, 'ems3', 'visible light', ''),
(178, 'ems3', 'x-rays', ''),
(179, 'emwav', 'electromagnetic waves', ''),
(180, 'emwav', 'waves electromagnetic', ''),
(181, 'enecon.html ', 'energy', ''),
(182, 'exp', 'hyperbolic functions', ''),
(183, 'expc', 'exponents', ''),
(184, 'fluid', 'fluids', ''),
(185, 'fluids/aspir', 'aspirator', ''),
(186, 'force', 'force', ''),
(187, 'forces/color', 'color force', ''),
(188, 'forces/exchg', 'exchange forces', ''),
(189, 'forces/funfor', 'electromagnetic force', ''),
(190, 'forces/funfor', 'forces fundamental', ''),
(191, 'forces/funfor', 'fundamental forces', ''),
(192, 'forces/funfor', 'strong force', ''),
(193, 'forces/funfor', 'weak interaction', ''),
(194, 'forces/higgs', 'Higgs boson', ''),
(195, 'forces/isq', 'inverse square law', ''),
(196, 'forces/unify', 'electroweak unification', ''),
(197, 'forces/unify', 'grand unification', ''),
(198, 'forces/unify', 'spontaneous symmetry breaking', ''),
(199, 'freeb', 'free body diagram', ''),
(200, 'FrHz', 'Franck-Hertz experiment', ''),
(201, 'frict', 'friction', ''),
(202, 'frict2', 'friction rolling', ''),
(203, 'geom', 'geometry', ''),
(204, 'geoopt/conjug', 'conjugate points', ''),
(205, 'geoopt/foclen', 'focal length', ''),
(206, 'geoopt/fresnellens', 'Fresnel lens', ''),
(207, 'geoopt/gullstrand', 'Gullstrand\'s equation', ''),
(208, 'geoopt/image', 'images real', ''),
(209, 'geoopt/image2', 'images virtual', ''),
(210, 'geoopt/imgfor', 'image formation', ''),
(211, 'geoopt/lenscon', 'lenses', ''),
(212, 'geoopt/lenseq', 'Cartesian sign convention', ''),
(213, 'geoopt/lenseq', 'lens equation', ''),
(214, 'geoopt/refr', 'index of refraction', ''),
(215, 'geoopt/refr', 'refraction light', ''),
(216, 'geoopt/vergence', 'vergence', ''),
(217, 'geophys/minconc', 'pegmatite', ''),
(218, 'gpot', 'gravitational potential energy', ''),
(219, 'gpot', 'Potential energy gravity', ''),
(220, 'gps', 'Global Positioning System', ''),
(221, 'gradi', 'gradient', ''),
(222, 'grav', 'bullet drop', ''),
(223, 'grav', 'gravity', ''),
(224, 'gyr', 'gyroscope', ''),
(225, 'hyde', 'hydrogen spectrum', ''),
(226, 'hydwf', 'hydrogen radial probability', ''),
(227, 'impulse', 'impulse of force', ''),
(228, 'inecol', 'inelastic collision', ''),
(229, 'integ', 'integral', ''),
(230, 'iras', 'IRAS satellite', ''),
(231, 'ke', 'kinetic energy', ''),
(232, 'kepler', 'Kepler\'s laws', ''),
(233, 'kinetic/barfor', 'air constituents', ''),
(234, 'kinetic/barfor', 'atmosphere constituents', ''),
(235, 'kinetic/barfor', 'barometric formula', ''),
(236, 'kinetic/diffus', 'diffusion', ''),
(237, 'kinetic/diffus', 'osmosis ', ''),
(238, 'kinetic/eqpar', 'equipartition of energy', ''),
(239, 'kinetic/eqpar', 'thermal energy', ''),
(240, 'kinetic/henry', 'Fick\'s Law', ''),
(241, 'kinetic/henry', 'Graham\'s Law', ''),
(242, 'kinetic/henry', 'Henry\'s Law', ''),
(243, 'kinetic/henry', 'respiration', ''),
(244, 'kinetic/idegas', 'Avogadro\'s number', ''),
(245, 'kinetic/idegas', 'Boltzmann\'s constant', ''),
(246, 'kinetic/idegas', 'Boyle\'s Law', ''),
(247, 'kinetic/idegas', 'Charles\' Law', ''),
(248, 'kinetic/idegas', 'gas constant', ''),
(249, 'kinetic/idegas', 'Gauge pressure', ''),
(250, 'kinetic/idegas', 'ideal gas law', ''),
(251, 'kinetic/idegas', 'mole', ''),
(252, 'kinetic/idegas', 'state variables', ''),
(253, 'kinetic/kintem', 'Maxwell distribution', ''),
(254, 'kinetic/ktcon', 'kinetic theory', ''),
(255, 'kinetic/menfre', 'mean free path', ''),
(256, 'kinetic/pcoke', 'crushing Coke can', ''),
(257, 'kinetic/pdrum', 'crushing steel drum', ''),
(258, 'kinetic/pmdg', 'Madgeburg hemispheres', ''),
(259, 'kinetic/psav', 'Savery engine', ''),
(260, 'kinetic/relhum', 'dewpoint', ''),
(261, 'kinetic/relhum', 'relative humidity', ''),
(262, 'kinetic/vappre', 'boiling point', ''),
(263, 'kinetic/vappre', 'evaporation', ''),
(264, 'kinetic/vappre', 'vapor pressure', ''),
(265, 'lalg', 'linear algebra', ''),
(266, 'lapl', 'LaPlacian', ''),
(267, 'lcos', 'Law of cosines', ''),
(268, 'lhel', 'helium liquid', ''),
(269, 'lhel', 'liquid helium', ''),
(270, 'lhel', 'superfluid', ''),
(271, 'log', 'logarithms', ''),
(272, 'lsin', 'Law of sines', ''),
(273, 'magnetic/amplaw.html', 'Ampere\'s Law', ''),
(274, 'magnetic/biosav', 'Biot-Savart law', ''),
(275, 'magnetic/confine', 'magnetic confinement', ''),
(276, 'magnetic/cyclot', 'cyclotron', ''),
(277, 'magnetic/elemag', 'electromagnet', ''),
(278, 'magnetic/elemot', 'motor', ''),
(279, 'magnetic/fluxmg', 'flux magnetic', ''),
(280, 'magnetic/galvan', 'galvanometer', ''),
(281, 'magnetic/hall', 'Hall effect', ''),
(282, 'magnetic/hall', 'Hall probe', ''),
(283, 'magnetic/indmot', 'motor induction', ''),
(284, 'magnetic/magfie', 'magnetic field', ''),
(285, 'magnetic/magfor', 'Gauss (Unit)', ''),
(286, 'magnetic/magfor', 'Lorentz force law', ''),
(287, 'magnetic/magfor', 'magnetic force', ''),
(288, 'magnetic/magfor', 'right hand rule', ''),
(289, 'magnetic/magfor', 'Tesla (Unit)', ''),
(290, 'magnetic/magmom', 'magnetic moment', ''),
(291, 'magnetic/maspec', 'magneto- hydrodynamics ', ''),
(292, 'magnetic/maspec', 'mass spectrometer', ''),
(293, 'magnetic/solenoid', 'solenoid', ''),
(294, 'mass', 'inertia', ''),
(295, 'mass', 'mass', ''),
(296, 'mass', 'weight', ''),
(297, 'mass', 'weightlessness', ''),
(298, 'math/disfcn', 'binomial distribution', ''),
(299, 'math/gaufcn', 'Gaussian distribution', ''),
(300, 'math/poifcn', 'Poisson distribution', ''),
(301, 'mi', 'moment of inertia', ''),
(302, 'mi', 'rotational inertia', ''),
(303, 'mod1', 'photoelectric effect', ''),
(304, 'mod2', 'photon energy', ''),
(305, 'mod2', 'Planck\'s hypothesis', ''),
(306, 'mod2', 'quantum energy', ''),
(307, 'mod3', 'radiation effects', ''),
(308, 'mod4', 'ionizing radiation', ''),
(309, 'mod4', 'transparency of a medium', ''),
(310, 'mod5', 'absorption quantum', ''),
(311, 'mod5', 'emission quantum', ''),
(312, 'mod5', 'emission stimulated', ''),
(313, 'mod5', 'stimulated emission', ''),
(314, 'mod6', 'blackbody radiation', ''),
(315, 'mod6', 'cavity radiation', ''),
(316, 'mod6', 'Planck radiation formula', ''),
(317, 'mod6', 'Rayleigh-Jeans law', ''),
(318, 'mom', 'momentum', ''),
(319, 'music/eguit', 'electric guitar', ''),
(320, 'music/otone', 'overtones ', ''),
(321, 'music/strings.html', 'string instruments', ''),
(322, 'music/timpani', 'timpani', ''),
(323, 'n2r', 'Newton\'s second law for rotation', ''),
(324, 'newt', 'Newton\'s first law', ''),
(325, 'newt', 'Newton\'s second law', ''),
(326, 'newt', 'Newton\'s third law', ''),
(327, 'newt.html', 'Newton\'s laws', ''),
(328, 'nucene/cherno', 'Chernobyl', ''),
(329, 'nucene/coubar', 'Coulomb barrier', ''),
(330, 'nucene/fasbre', 'breeder reactor', ''),
(331, 'nucene/fasbre', 'fast breeder reactor', ''),
(332, 'nucene/fisfrag', 'cesium-137', ''),
(333, 'nucene/fisfrag', 'iodine-131', ''),
(334, 'nucene/fisfrag', 'strontium-90', ''),
(335, 'nucene/fission', 'uranium-235 fission', ''),
(336, 'nucene/fusion', 'deuterium-tritium fusion', ''),
(337, 'nucene/nucbin', 'binding energy', ''),
(338, 'nucene/nucbin', 'nuclear binding energy', ''),
(339, 'nucene/nucmed', 'PET scan', ''),
(340, 'nucene/reactor', 'boiling water reactor', ''),
(341, 'nucene/reactor', 'pressurized water reactor', ''),
(342, 'nuclear/beta', 'beta radioactivity', ''),
(343, 'nuclear/betaex', 'cobalt-60', ''),
(344, 'nuclear/cardat', 'carbon dating', ''),
(345, 'nuclear/crosec', 'cross section scattering', ''),
(346, 'nuclear/halfli', 'half-life', ''),
(347, 'nuclear/halfli', 'radioactive half-life', ''),
(348, 'nuclear/mossb', 'Mossbauer effect', ''),
(349, 'nuclear/nucnot', 'isotopes', ''),
(350, 'nuclear/nucrea', 'cross section nuclear reaction', ''),
(351, 'nuclear/nucuni', 'atomic mass unit', ''),
(352, 'nuclear/radact', 'alpha particle', ''),
(353, 'nuclear/radact', 'radioactivity', ''),
(354, 'nuclear/radact2', 'electron capture', ''),
(355, 'nuclear/radact2', 'gamma radioactivity', ''),
(356, 'nuclear/raddat', 'radioactive dating', ''),
(357, 'nuclear/radon', 'radon', ''),
(358, 'nuclear/radrisk', 'Bequerel (unit)', ''),
(359, 'nuclear/radrisk', 'Curie (unit)', ''),
(360, 'nuclear/radrisk', 'Gray (unit)', ''),
(361, 'nuclear/radrisk', 'rad (unit)', ''),
(362, 'nuclear/radrisk', 'radiation risk', ''),
(363, 'nuclear/radrisk', 'rem (unit)', ''),
(364, 'nuclear/radrisk', 'Roentgen (unit)', ''),
(365, 'nuclear/radrisk', 'Sievert (unit)', ''),
(366, 'optmod/holog', 'holography', ''),
(367, 'optmod/lasert', 'dye laser', ''),
(368, 'optmod/lasgas', 'helium-neon laser', ''),
(369, 'optmod/qualig', 'coherent light', ''),
(370, 'optmod/qualig', 'laser', ''),
(371, 'orbit', 'orbit concepts', ''),
(372, 'orbv', 'mass  reduced ', ''),
(373, 'orbv', 'orbit circular', ''),
(374, 'orbv', 'reduced mass', ''),
(375, 'orbv3', 'orbit velocity', ''),
(376, 'orbv3', 'syncom satellite', ''),
(377, 'oscda', 'oscillator damped ', ''),
(378, 'oscdr', 'oscillator driven ', ''),
(379, 'parax', 'parallel axis theorem', ''),
(380, 'particles/expar', 'Feynman diagrams', ''),
(381, 'particles/expar', 'gluon', ''),
(382, 'particles/expar', 'intermediate vector bosons', ''),
(383, 'particles/expar', 'photon ', ''),
(384, 'particles/expar', 'vector bosons', ''),
(385, 'particles/expar', 'W particle', ''),
(386, 'particles/expar', 'Z particle', ''),
(387, 'particles/hadron', 'baryons', ''),
(388, 'particles/hadron', 'hadrons', ''),
(389, 'particles/hadron', 'mesons', ''),
(390, 'particles/hadron', 'pion', ''),
(391, 'particles/hadron', 'Psi/J particle', ''),
(392, 'particles/hadron', 'upsilon particle', ''),
(393, 'particles/lepton', 'electron', ''),
(394, 'particles/lepton', 'lepton', ''),
(395, 'particles/lepton', 'muon', ''),
(396, 'particles/lepton', 'positron', ''),
(397, 'particles/lepton', 'positron annihilation', ''),
(398, 'particles/lepton', 'tau lepton', ''),
(399, 'particles/neutrino', 'neutrino', ''),
(400, 'particles/parint', 'isospin', ''),
(401, 'particles/parint', 'totalitarian principle', ''),
(402, 'particles/proton', 'neutron', ''),
(403, 'particles/proton', 'proton', ''),
(404, 'particles/qbag', 'asymptotic freedom', ''),
(405, 'particles/qbag', 'bag model', ''),
(406, 'particles/quark', ' quarks', ''),
(407, 'particles/quark', 'charm quark', ''),
(408, 'particles/quark', 'down quark', ''),
(409, 'particles/quark', 'hypercharge', ''),
(410, 'particles/quark', 'quark confinement', ''),
(411, 'particles/quark', 'strange quark', ''),
(412, 'particles/quark', 'top quark', ''),
(413, 'particles/spinc', 'Bose-Einstein condensation', ''),
(414, 'particles/spinc', 'bosons', ''),
(415, 'particles/spinc', 'Einstein-Bose condensation', ''),
(416, 'particles/spinc', 'fermions', ''),
(417, 'pasc', 'auto hydraulic lift', ''),
(418, 'pasc', 'hydraulic press', ''),
(419, 'pasc', 'Pascal\'s principle', ''),
(420, 'pasc2', 'brakes hydraulic', ''),
(421, 'pasc2', 'hydraulic brakes', ''),
(422, 'pauli', 'Pauli exclusion principle', ''),
(423, 'pber', 'airfoil', ''),
(424, 'pber', 'baseball curve', ''),
(425, 'pber', 'Bernoulli principle', ''),
(426, 'pbuoy', 'Archimedes\' principle', ''),
(427, 'pbuoy', 'buoyancy', ''),
(428, 'pbuoy3', 'cartesian diver', ''),
(429, 'pegrav', 'conservative force', ''),
(430, 'pegrav', 'Potential energy', ''),
(431, 'pend', 'pendulum', ''),
(432, 'pendp', 'pendulum physical', ''),
(433, 'permot', 'periodic motion', ''),
(434, 'permot2', 'elasticity', ''),
(435, 'permot2', 'Hooke\'s Law', ''),
(436, 'permot3', 'bulk modulus', ''),
(437, 'permot3', 'Young\'s modulus', ''),
(438, 'perpx', 'perpendicular axis theorem', ''),
(439, 'pespr', 'elastic potential energy', ''),
(440, 'pespr', 'spring potential energy', ''),
(441, 'pflu', 'fluid pressure', ''),
(442, 'pflu', 'pressure of fluid', ''),
(443, 'pfric', 'laminar flow', ''),
(444, 'pfric', 'viscosity', ''),
(445, 'phyopt/albedo', 'albedo', ''),
(446, 'phyopt/biref', 'birefringence', ''),
(447, 'phyopt/biref', 'calcite', ''),
(448, 'phyopt/biref', 'Iceland spar', ''),
(449, 'phyopt/cdopt', 'Wollaston prism', ''),
(450, 'phyopt/fabry', 'Fabry-Perot', ''),
(451, 'phyopt/fermat', 'Fermat\'s principle', ''),
(452, 'phyopt/grating', 'diffraction grating', ''),
(453, 'phyopt/quarwv', 'quarter-wave plate', ''),
(454, 'phyopt/raylei', 'Rayleigh criterion', ''),
(455, 'pman', 'atmospheric pressure', ''),
(456, 'pman', 'barometer', ''),
(457, 'pman', 'manometer', ''),
(458, 'pman', 'mercury barometer', ''),
(459, 'posit', 'displacement', ''),
(460, 'posit', 'position', ''),
(461, 'powcon.html', 'Power', ''),
(462, 'ppois', 'Poiseuille\'s law', ''),
(463, 'press', 'pressure', ''),
(464, 'ptens', 'LaPlace\'s law', ''),
(465, 'ptens', 'wall tension', ''),
(466, 'ptens2', 'alveoli of lungs', ''),
(467, 'ptens2', 'lungs alveoli of ', ''),
(468, 'ptens2', 'surfactant fluid', ''),
(469, 'ptens3', 'emphysema', ''),
(470, 'ptens3', 'smoking and the lungs', ''),
(471, 'pturb', 'Reynold\'s number', ''),
(472, 'pturb', 'turbulent flow', ''),
(473, 'quantum/barr', 'barrier penetration', ''),
(474, 'quantum/barr', 'tunneling', ''),
(475, 'quantum/bragg', 'Bragg spectrometer', ''),
(476, 'quantum/bragg', 'Bragg\'s law', ''),
(477, 'quantum/comptint', 'Compton scattering', ''),
(478, 'quantum/compton', 'Compton wavelength', ''),
(479, 'quantum/disbe', 'Bose-Einstein statistics', ''),
(480, 'quantum/disfcn', 'Boltzmann distribution', ''),
(481, 'quantum/disfcn', 'Maxwell-Boltzmann statistics', ''),
(482, 'quantum/disfd', 'Fermi-Dirac statistics', ''),
(483, 'quantum/hosc', 'harmonic oscillator quantum', ''),
(484, 'quantum/hosc5', 'Hermite polynomials', ''),
(485, 'quantum/hosc6', 'correspondence principle', ''),
(486, 'quantum/hydazi', 'selection rules', ''),
(487, 'quantum/hydcol', 'orbital quantum number', ''),
(488, 'quantum/hydcol', 'spectroscopic notation', ''),
(489, 'quantum/hydfin', 'spin-orbit interaction ', ''),
(490, 'quantum/hydrad', 'principal quantum number', ''),
(491, 'quantum/lamb', 'Lamb shift', ''),
(492, 'quantum/lande', 'Lande\' g-factor', ''),
(493, 'quantum/moseley', 'Moseley plot', ''),
(494, 'quantum/orbmag', 'Bohr magneton', ''),
(495, 'quantum/parity', 'parity', ''),
(496, 'quantum/qangm', 'orbital angular momentum', ''),
(497, 'quantum/schr', 'Schrodinger equation', ''),
(498, 'quantum/sodium.html', 'sodium doublet', ''),
(499, 'quantum/statcn', 'quantum statistics', ''),
(500, 'quantum/wvfun', 'wavefunction', ''),
(501, 'quantum/xrayc', 'brehmsstrahlung radiation', ''),
(502, 'quantum/zeeman', 'g-factor electron spin', ''),
(503, 'quantum/zeeman', 'spin g-factor ', ''),
(504, 'quantum/zeeman', 'Zeeman effect', ''),
(505, 'quark', 'up quark', ''),
(506, 'qunoh', 'quantum numbers  atomic', ''),
(507, 'relativ/einvel', 'Einstein velocity addition', ''),
(508, 'relativ/grel', 'principle of equivalence', ''),
(509, 'relativ/ltrans', 'Galilean transformation', ''),
(510, 'relativ/ltrans', 'light speed of', ''),
(511, 'relativ/ltrans', 'Lorentz transformation', ''),
(512, 'relativ/ltrans', 'speed of light', ''),
(513, 'relativ/morley', 'Michelson- Morley experiment', ''),
(514, 'relativ/relcon.html', 'relativity', ''),
(515, 'relativ/reldop2', 'Doppler effect relativistic', ''),
(516, 'relativ/releng', 'Einstein equation', ''),
(517, 'relativ/releng', 'mass energy', ''),
(518, 'relativ/releng', 'pair production ', ''),
(519, 'relativ/releng', 'relativistic energy', ''),
(520, 'relativ/releng', 'rest mass energy', ''),
(521, 'relativ/relmom', 'relativistic momentum', ''),
(522, 'relativ/tdil', 'relativistic mass', ''),
(523, 'relativ/tdil', 'time dilation', ''),
(524, 'relmot', 'velocity relative', ''),
(525, 'rke', 'kinetic energy rotational', ''),
(526, 'rocket', 'rocket', ''),
(527, 'rotq', 'angular acceleration', ''),
(528, 'rotq', 'angular displacement', ''),
(529, 'rotq', 'angular velocity', ''),
(530, 'rotq', 'rotation equations', ''),
(531, 'rotv2', 'precession', ''),
(532, 'rttri', 'right triangle relationships', ''),
(533, 'rutcon', 'Rutherford scattering', ''),
(534, 'seatb', 'seatbelt function', ''),
(535, 'seatb2', 'airbag', ''),
(536, 'shm', 'oscillator simple harmonic ', ''),
(537, 'shm', 'simple harmonic motion', ''),
(538, 'shm2', 'harmonic oscillator', ''),
(539, 'solar/enceladus', 'Enceladus', ''),
(540, 'solar/europa', 'Europa', ''),
(541, 'solar/lunecl', 'eclipse lunar', ''),
(542, 'solar/mariner', 'Mariner spacecraft', ''),
(543, 'solar/soho', 'SOHO satellite', ''),
(544, 'solar/solecl', 'eclipse solar', ''),
(545, 'solar/solwin', 'solar wind', ''),
(546, 'solar/solwin', 'van Allen Belts', ''),
(547, 'solar/sun', 'Sun', ''),
(548, 'solar/titan', 'Titan', ''),
(549, 'solids/band', ' band theory', ''),
(550, 'solids/coop', 'Cooper pairs', ''),
(551, 'solids/dope', 'doping of semiconductors', ''),
(552, 'solids/dope', 'n-type semiconductor', ''),
(553, 'solids/dope', 'p-type semiconductor', ''),
(554, 'solids/fermi', 'Fermi level', ''),
(555, 'solids/ferro', 'Curie temperature', ''),
(556, 'solids/ferro', 'ferromagnetism', ''),
(557, 'solids/hyst', 'hysteresis', ''),
(558, 'solids/intrin', 'semiconductor', ''),
(559, 'solids/magpr', 'diamagnetism', ''),
(560, 'solids/magpr', 'paramagnetism', ''),
(561, 'solids/magstrict', 'magnetostrictive effect ', ''),
(562, 'solids/meis', 'Meissner effect', ''),
(563, 'solids/piezo', 'piezoelectric effect', ''),
(564, 'solids/piezo', 'scanning tunneling microscope', ''),
(565, 'solids/pnjun', 'p-n junction', ''),
(566, 'solids/scond', 'superconductivity', ''),
(567, 'solids/sili', 'valence electrons', ''),
(568, 'solids/squid', 'Josephson junction', ''),
(569, 'solids/squid', 'SQUID magnetometer', ''),
(570, 'sound/beat', 'beat frequency', ''),
(571, 'sound/cochlea', 'cochlea', ''),
(572, 'sound/corti', 'organ of Corti', ''),
(573, 'sound/db', 'dB', ''),
(574, 'sound/db', 'dBm', ''),
(575, 'sound/db', 'decibels', ''),
(576, 'sound/diffrac', 'diffraction sound', ''),
(577, 'sound/dopp', 'Doppler effect', ''),
(578, 'sound/ear', 'ear', ''),
(579, 'sound/ear', 'eardrum', ''),
(580, 'sound/eari', 'semicircular canals', ''),
(581, 'sound/intens', 'intensity sound', ''),
(582, 'sound/intens', 'sound intensity', ''),
(583, 'sound/intens', 'sound pressure', ''),
(584, 'sound/interf', 'interference sound', ''),
(585, 'sound/loud', 'loudness', ''),
(586, 'sound/mask.html', 'masking (sound)', ''),
(587, 'sound/oss', 'ossicles ', ''),
(588, 'sound/phon', 'phon', ''),
(589, 'sound/pitch', 'pitch', ''),
(590, 'sound/place', 'place theory', ''),
(591, 'sound/radar', 'radar police', ''),
(592, 'sound/reflec', 'reflection sound', ''),
(593, 'sound/refrac', 'refraction sound', ''),
(594, 'sound/reson', 'resonant frequency', ''),
(595, 'sound/souspe', 'sound speed', ''),
(596, 'sound/souspe', 'speed of sound', ''),
(597, 'sound/subton', 'missing fundamental effect', ''),
(598, 'sound/subton', 'subjective tone', ''),
(599, 'sound/telton', 'telephone tones', ''),
(600, 'sound/timbre', 'quality sound', ''),
(601, 'sound/tralon', 'longitudinal waves', ''),
(602, 'sound/tralon', 'transverse waves', ''),
(603, 'sound/usound', 'ultrasonic sound', ''),
(604, 'sphc', 'cylindrical polar coordinates', ''),
(605, 'sphc', 'spherical polar coordinates', ''),
(606, 'spin', 'electron spin', ''),
(607, 'spin', 'spin electron ', ''),
(608, 'starlog/pop12', 'Population I &amp; II stars', ''),
(609, 'starlog/staspe', 'star spectral types', ''),
(610, 'starlog/strclos', 'Alpha Centauri', ''),
(611, 'starlog/strclos', 'Barnard\'s Star', ''),
(612, 'surten', 'adhesion', ''),
(613, 'surten', 'cohesion', ''),
(614, 'surten', 'surface tension', ''),
(615, 'surten2', 'capillary action', ''),
(616, 'tdisc', 'principal axes', ''),
(617, 'therm/entrop', 'entropy', ''),
(618, 'therm/entrop', 'time\'s arrow', ''),
(619, 'thermo/bimet', 'bimetallic strip', ''),
(620, 'thermo/calor', 'calorimeter', ''),
(621, 'thermo/carnot', 'Carnot cycle', ''),
(622, 'thermo/dulong', 'Law of Dulong and Petit', ''),
(623, 'thermo/electrol', 'electrolysis', ''),
(624, 'thermo/electrol', 'fuel cell', ''),
(625, 'thermo/firlaw', 'enthalpy', ''),
(626, 'thermo/firlaw', 'first law of thermodynamics', ''),
(627, 'thermo/firlaw', 'thermodynamics first law', ''),
(628, 'thermo/freezhot', 'Mpemba effect', ''),
(629, 'thermo/grnhse', 'global warming', ''),
(630, 'thermo/grnhse', 'greenhouse effect', ''),
(631, 'thermo/grnhse', 'warming global', ''),
(632, 'thermo/heat', 'heat', ''),
(633, 'thermo/heatra', 'conduction heat transfer', ''),
(634, 'thermo/heatra', 'convection', ''),
(635, 'thermo/heatra', 'heat transfer', ''),
(636, 'thermo/helmholtz', 'Gibbs free energy', ''),
(637, 'thermo/helmholtz', 'Helmholtz free energy', ''),
(638, 'thermo/inteng', 'internal energy', ''),
(639, 'thermo/inteng', 'internal energy', ''),
(640, 'thermo/phase', 'phase change', ''),
(641, 'thermo/phase2', 'heat of fusion', ''),
(642, 'thermo/phase2', 'heat of vaporization', ''),
(643, 'thermo/refrig', 'refrigerator', ''),
(644, 'thermo/seclaw', 'thermodynamics  second law', ''),
(645, 'thermo/spht', 'calorie', ''),
(646, 'thermo/spht', 'specific heat', ''),
(647, 'thermo/spht', 'thermodynamics  zeroth law', ''),
(648, 'thermo/stefan', 'radiation heat transfer', ''),
(649, 'thermo/stefan', 'Stefan- Boltzmann law', ''),
(650, 'thermo/temper', 'temperature', ''),
(651, 'thermo/temper', 'temperature scales', ''),
(652, 'tide', 'Jupiter effect', ''),
(653, 'tide', 'tides', ''),
(654, 'time', 'time', ''),
(655, 'top', 'top precession', ''),
(656, 'tord.html', 'torque vector', ''),
(657, 'tord', 'right hand rule, torque', ''),
(658, 'torq', 'equilibrium', ''),
(659, 'torq', 'torque', ''),
(660, 'torq2', 'lever arm', ''),
(661, 'traj', 'freefall', ''),
(662, 'traj', 'trajectories', ''),
(663, 'trig', 'trigonometry', ''),
(664, 'ttrig', 'arctangent problem', ''),
(665, 'ttrig', 'trig functions', ''),
(666, 'uncer', 'uncertainty principle', ''),
(667, 'units', 'units', ''),
(668, 'vbas', 'unit vectors', ''),
(669, 'vecal', 'del operator', ''),
(670, 'vect', 'vector sum', ''),
(671, 'vect', 'vectors', ''),
(672, 'vel2', 'velocity', ''),
(673, 'vesc', 'escape velocity', ''),
(674, 'vision/pricol', 'primary colors', ''),
(675, 'vsca', 'scalar product', ''),
(676, 'vsca', 'vectors  scalar product of', ''),
(677, 'vvec', 'vector product', ''),
(678, 'watwav', 'waves on ocean', ''),
(679, 'waves/emwv', 'Poynting vector', ''),
(680, 'waves/funhar', 'sinusoidal waves', ''),
(681, 'waves/rijke', 'Rijke tube', ''),
(682, 'waves/seismic', 'seismic waves', ''),
(683, 'waves/standw', 'standing waves', ''),
(684, 'waves/string', 'string vibration', ''),
(685, 'waves/wavstd', 'Fourier series', ''),
(686, 'wcon.html', 'work', ''),
(687, 'wien', 'Wien displacement law', ''),
(688, 'work', 'work-energy principle', 'ENERGIE'),
(689, NULL, NULL, 'NORMES'),
(690, NULL, NULL, 'ELECTRONIQUE');

-- --------------------------------------------------------

--
-- Structure de la table `t_corr_quest_rep`
--

CREATE TABLE `t_corr_quest_rep` (
  `id_t_corr_quest_rep` int(11) NOT NULL,
  `FK_QUESTION_QR` int(11) NOT NULL,
  `FK_REPONSE_QR` int(11) NOT NULL,
  `date_insert_qr` timestamp NOT NULL DEFAULT CURRENT_TIMESTAMP ON UPDATE CURRENT_TIMESTAMP
) ENGINE=InnoDB DEFAULT CHARSET=utf8 COLLATE=utf8_bin;

--
-- Contenu de la table `t_corr_quest_rep`
--

INSERT INTO `t_corr_quest_rep` (`id_t_corr_quest_rep`, `FK_QUESTION_QR`, `FK_REPONSE_QR`, `date_insert_qr`) VALUES
(1, 1, 1, '2019-05-13 05:08:31'),
(2, 2, 2, '2019-05-13 05:08:31'),
(3, 3, 3, '2019-05-13 05:08:31'),
(4, 4, 4, '2019-05-13 05:08:31'),
(5, 5, 5, '2019-05-13 05:08:31'),
(6, 6, 6, '2019-05-13 05:08:31'),
(7, 7, 7, '2019-05-13 05:08:31'),
(8, 8, 8, '2019-05-13 05:08:31'),
(9, 9, 9, '2019-05-13 05:08:31'),
(10, 10, 10, '2019-05-13 05:08:31'),
(11, 11, 11, '2019-05-13 05:08:31'),
(12, 12, 12, '2019-05-13 05:08:31'),
(13, 13, 13, '2019-05-13 05:08:31'),
(14, 14, 14, '2019-05-13 05:08:31'),
(15, 15, 15, '2019-05-13 05:08:31'),
(16, 16, 16, '2019-05-13 05:08:31'),
(17, 17, 17, '2019-05-13 05:08:31'),
(18, 18, 18, '2019-05-13 05:08:31'),
(19, 19, 19, '2019-05-13 05:08:31'),
(20, 20, 20, '2019-05-13 05:08:31'),
(21, 21, 21, '2019-05-13 05:08:31'),
(22, 22, 22, '2019-05-13 05:08:31'),
(23, 23, 23, '2019-05-13 05:08:31'),
(24, 24, 24, '2019-05-13 05:08:31'),
(25, 25, 25, '2019-05-13 05:08:31'),
(26, 26, 26, '2019-05-13 05:08:31'),
(27, 27, 27, '2019-05-13 05:08:31'),
(28, 28, 28, '2019-05-13 05:08:31'),
(29, 29, 29, '2019-05-13 05:08:31'),
(30, 30, 30, '2019-05-13 05:08:31'),
(31, 31, 31, '2019-05-13 05:08:31'),
(32, 32, 32, '2019-05-13 05:08:31'),
(33, 33, 33, '2019-05-13 05:08:31'),
(34, 34, 34, '2019-05-13 05:08:31'),
(35, 35, 35, '2019-05-13 05:08:31'),
(36, 36, 36, '2019-05-13 05:08:31'),
(37, 37, 37, '2019-05-13 05:08:31'),
(38, 39, 39, '2019-05-13 05:08:31'),
(39, 40, 40, '2019-05-13 05:08:31'),
(40, 41, 41, '2019-05-13 05:08:31'),
(41, 42, 42, '2019-05-13 05:08:31'),
(42, 43, 43, '2019-05-13 05:08:31'),
(43, 38, 38, '2019-05-13 05:08:31'),
(44, 44, 44, '2019-05-13 05:08:31'),
(45, 45, 45, '2019-05-13 05:08:31'),
(46, 46, 46, '2019-05-13 05:08:31'),
(47, 47, 47, '2019-05-13 05:08:31'),
(48, 48, 48, '2019-05-13 05:08:31'),
(49, 49, 49, '2019-05-13 05:08:31'),
(50, 50, 50, '2019-05-13 05:08:31'),
(51, 51, 51, '2019-05-13 05:08:31'),
(52, 52, 52, '2019-05-13 05:08:31'),
(53, 53, 53, '2019-05-13 05:08:31'),
(54, 54, 54, '2019-05-13 05:08:31'),
(55, 55, 55, '2019-05-13 05:08:31'),
(56, 56, 56, '2019-05-13 05:08:31'),
(57, 57, 57, '2019-05-13 05:08:31'),
(58, 58, 58, '2019-05-13 05:08:31'),
(59, 59, 59, '2019-05-13 05:08:31'),
(60, 60, 60, '2019-05-13 05:08:31'),
(61, 61, 61, '2019-05-13 05:08:31'),
(62, 62, 62, '2019-05-13 05:08:31'),
(63, 63, 63, '2019-05-13 05:08:31'),
(64, 64, 64, '2019-05-13 05:08:31'),
(65, 65, 65, '2019-05-13 05:08:31'),
(66, 66, 66, '2019-05-13 05:08:31'),
(67, 67, 67, '2019-05-13 05:08:31'),
(68, 68, 68, '2019-05-13 05:08:31'),
(69, 69, 69, '2019-05-13 05:08:31'),
(70, 70, 70, '2019-05-13 05:08:31'),
(71, 71, 71, '2019-05-13 05:08:31'),
(72, 72, 72, '2019-05-13 05:08:31'),
(73, 73, 73, '2019-05-13 05:08:31'),
(74, 74, 74, '2019-05-13 05:08:31'),
(75, 75, 75, '2019-05-13 05:08:31'),
(76, 76, 76, '2019-05-13 05:08:31'),
(77, 77, 77, '2019-05-13 05:08:31'),
(78, 78, 78, '2019-05-13 05:08:31'),
(79, 79, 79, '2019-05-13 05:08:31'),
(80, 80, 80, '2019-05-13 05:08:31'),
(81, 81, 81, '2019-05-13 05:08:31'),
(82, 82, 82, '2019-05-13 05:08:31'),
(83, 83, 83, '2019-05-13 05:08:31'),
(84, 84, 84, '2019-05-13 05:08:31'),
(85, 85, 85, '2019-05-13 05:08:31'),
(86, 86, 86, '2019-05-13 05:08:31'),
(87, 87, 87, '2019-05-13 05:08:31'),
(88, 88, 88, '2019-05-13 05:27:09'),
(89, 89, 89, '2019-05-13 05:34:16'),
(90, 90, 90, '2019-05-13 12:34:36'),
(91, 91, 91, '2019-05-14 05:08:42'),
(92, 92, 92, '2019-05-14 05:15:01'),
(93, 93, 93, '2019-05-14 05:22:55'),
(94, 94, 94, '2019-05-14 11:03:18'),
(95, 95, 95, '2019-05-14 15:27:44'),
(96, 96, 96, '2019-05-14 15:28:16'),
(97, 97, 97, '2019-05-14 15:32:20'),
(98, 98, 98, '2019-05-14 15:39:06'),
(99, 99, 99, '2019-05-14 18:19:21'),
(100, 100, 100, '2019-05-15 06:15:56'),
(101, 101, 101, '2019-05-15 06:19:13'),
(102, 102, 102, '2019-05-15 06:28:45'),
(103, 103, 103, '2019-05-15 06:34:13'),
(104, 104, 104, '2019-05-15 06:38:46'),
(105, 105, 105, '2019-05-15 15:40:49'),
(106, 106, 106, '2019-05-15 15:44:17'),
(107, 107, 107, '2019-05-15 21:45:09'),
(108, 108, 108, '2019-05-15 22:16:24'),
(109, 109, 109, '2019-05-16 05:22:56'),
(110, 110, 110, '2019-05-17 06:33:21'),
(111, 111, 111, '2019-05-17 07:23:03'),
(112, 112, 112, '2019-05-17 07:33:38'),
(113, 113, 113, '2019-05-17 16:00:05'),
(114, 114, 114, '2019-05-17 16:10:29'),
(115, 115, 115, '2019-05-17 19:41:37'),
(116, 116, 116, '2019-05-17 20:34:39'),
(117, 117, 117, '2019-05-18 13:00:25'),
(118, 118, 118, '2019-05-18 15:24:02'),
(119, 119, 119, '2019-05-18 16:04:17'),
(120, 120, 120, '2019-05-19 10:23:40'),
(121, 121, 121, '2019-05-19 10:50:45'),
(122, 122, 122, '2019-05-19 12:09:02'),
(123, 123, 123, '2019-05-19 12:25:46'),
(124, 124, 124, '2019-05-19 12:27:19'),
(125, 125, 125, '2019-05-20 07:22:48'),
(126, 126, 126, '2019-05-20 07:25:02'),
(127, 127, 127, '2019-05-20 08:01:01'),
(128, 128, 128, '2019-05-20 08:20:55'),
(129, 129, 129, '2019-05-20 19:50:27'),
(130, 130, 130, '2019-05-20 20:12:33'),
(131, 131, 131, '2019-05-20 20:24:57'),
(132, 132, 132, '2019-05-20 21:14:38'),
(133, 133, 133, '2019-05-20 21:14:59'),
(134, 134, 134, '2019-05-20 21:28:22'),
(135, 135, 135, '2019-05-20 22:28:18'),
(136, 136, 136, '2019-05-20 22:29:25'),
(137, 137, 137, '2019-05-20 22:29:45'),
(138, 138, 138, '2019-05-22 08:08:04'),
(139, 139, 139, '2019-05-22 08:15:10'),
(140, 140, 140, '2019-05-22 08:19:22'),
(141, 141, 141, '2019-05-22 08:24:58'),
(142, 142, 142, '2019-05-23 21:44:56'),
(143, 143, 143, '2019-05-23 21:53:59'),
(144, 144, 144, '2019-05-23 21:59:56'),
(145, 145, 145, '2019-05-23 22:08:35'),
(146, 146, 146, '2019-05-24 07:46:12'),
(147, 147, 147, '2019-05-24 07:56:04'),
(148, 148, 148, '2019-05-24 17:23:04'),
(149, 149, 149, '2019-05-24 17:39:46'),
(150, 150, 150, '2019-05-24 17:51:24'),
(151, 151, 151, '2019-05-24 18:04:26'),
(152, 152, 152, '2019-05-24 21:16:21'),
(153, 153, 153, '2019-05-25 13:15:27'),
(154, 154, 154, '2019-05-27 22:45:17'),
(155, 155, 155, '2019-05-28 04:55:42'),
(156, 156, 156, '2019-05-28 05:04:15'),
(157, 157, 157, '2019-05-28 05:11:34'),
(158, 158, 158, '2019-05-28 05:18:58'),
(159, 159, 159, '2019-05-28 05:23:12'),
(160, 160, 160, '2019-05-28 15:25:26'),
(161, 161, 161, '2019-05-28 21:18:17'),
(162, 162, 162, '2019-05-28 21:28:07'),
(163, 163, 163, '2019-05-28 21:35:04'),
(164, 164, 164, '2019-05-28 21:40:20'),
(165, 165, 165, '2019-05-29 06:11:40'),
(166, 166, 166, '2019-05-29 06:15:28'),
(167, 167, 167, '2019-05-29 06:22:36'),
(168, 168, 168, '2019-05-29 06:28:30'),
(169, 169, 169, '2019-05-29 06:36:09'),
(170, 170, 170, '2019-05-29 14:19:59'),
(171, 171, 171, '2019-05-29 14:30:56'),
(172, 172, 172, '2019-05-29 14:41:07'),
(173, 173, 173, '2019-05-29 14:55:34'),
(174, 174, 174, '2019-06-03 16:48:30'),
(175, 175, 175, '2019-06-04 04:50:35'),
(176, 176, 176, '2019-06-04 04:59:02'),
(177, 177, 177, '2019-06-04 05:07:32'),
(178, 178, 178, '2019-06-04 05:15:16'),
(179, 179, 179, '2019-06-04 05:20:17'),
(180, 180, 180, '2019-06-04 05:24:30'),
(181, 181, 181, '2019-06-04 14:52:48'),
(182, 182, 182, '2019-06-04 16:34:10'),
(183, 183, 183, '2019-06-04 16:42:33'),
(184, 184, 184, '2019-06-04 16:53:48'),
(185, 185, 185, '2019-06-04 17:04:20'),
(186, 186, 186, '2019-06-04 17:39:00'),
(187, 187, 187, '2019-06-04 17:43:41'),
(188, 188, 188, '2019-06-04 18:06:57'),
(189, 189, 189, '2019-06-04 18:14:19'),
(190, 190, 190, '2019-06-04 18:29:07'),
(191, 191, 191, '2019-06-04 18:39:12');

-- --------------------------------------------------------

--
-- Structure de la table `t_questions`
--

CREATE TABLE `t_questions` (
  `id_question` int(11) NOT NULL,
  `Nom_question` text COLLATE utf8_bin NOT NULL,
  `path_image_question` varchar(255) COLLATE utf8_bin NOT NULL
) ENGINE=InnoDB DEFAULT CHARSET=utf8 COLLATE=utf8_bin;

--
-- Contenu de la table `t_questions`
--

INSERT INTO `t_questions` (`id_question`, `Nom_question`, `path_image_question`) VALUES
(1, 'Comment se nomme ce câble ? Que signifie l\'acronyme de ce câble ?', '2013_02_24_19_12_40_1361729560.jpg'),
(2, 'Qu\'est ce que c\'est ?', '2013_02_24_22_43_53_1361742233.jpg'),
(3, 'C\'est quoi ?', '2013_02_24_22_46_17_1361742377.jpg'),
(4, 'Du point de vue de la NIBT à quoi correspondent ces dimensions ?', '2013_02_27_15_52_18_1361976738.jpg'),
(5, 'En NIBT. Que représente cette pyramide ?', '2013_02_27_15_55_18_1361976918.jpg'),
(6, 'Savoir interpréter ce diagramme !', '2013_02_27_15_59_03_1361977143.jpg'),
(7, 'Donnez 346 exemples qui représentent cette situation et expliquez ce que le dessin représente en NIBT', '2013_02_27_16_07_52_1361977672.jpg'),
(8, 'Reconnaître et expliquer le fonctionnement de cet objet.', '2013_02_27_16_28_16_1361978896.jpg'),
(9, 'Décrire le fonctionnement de cet appareil grâce au petit schéma sérigraphié. (zoom)', '2013_02_27_16_37_33_1361979453.jpg'),
(10, 'A quoi sert cet appareil ?', '2013_02_27_20_04_22_1361991862.jpg'),
(11, 'A quelles distances des parois doivent être montés les appareils producteurs d\'eau chaude (pour garantir une bonne circulation d\'air.) ? (NIBT)', '2013_02_27_22_14_54_1361999694.jpg'),
(12, 'Reconnaître cet appareil et décrire ses caractéristiques techniques.', '2017_02_25_18_55_04_1488045304_Q.jpg'),
(13, 'Un réseau LAN c\'est quoi ? Comment doit-on relier les différents composants ? (PDA (1990) doit être remplacé par le terme de Smartphone)\n\n', '2017_02_27_06_47_48_1488174468_Q.jpg'),
(14, 'Dans un réseau informatique à quoi sert un SWITCH ?  (PDA (1990) doit être remplacé par le terme de Smartphone)', '2017_02_27_07_16_43_1488176203_Q.jpg'),
(15, 'En télécommunication, expliquez le dessin ci-dessous', '2017_03_11_13_27_24_1489235244_Q.jpg'),
(16, 'Décrire les abréviations de ce dessin ?', '2017_03_11_18_14_21_1489252461_Q.jpg'),
(17, 'Pour le réseau câblé à haut débit (CATV), vous devez connaître le nom des zones principales.', '2017_03_11_23_47_36_1489272456_Q.jpg'),
(18, 'C\'est un schéma de distribution en télécom. Vous devez nommer les zones "cachées".', '2017_03_12_19_41_25_1489344085_Q.jpg'),
(19, 'C\'est un schéma de distribution en télécom. Vous devez nommer les zones "cachées".', '2017_03_12_21_10_44_1489349444_Q.jpg'),
(20, 'A quoi servent ces deux objets ? Donner quelques détails.', '2017_03_12_22_43_48_1489355028_Q.jpg'),
(21, 'Donner quelques explications à propos de ces signaux électriques ?', '2017_03_14_06_02_38_1489467758_Q.jpg'),
(22, 'Dessiner le circuit qui correspond à cette équation.', '2017_03_15_18_40_36_1489599636_Q.jpg'),
(23, 'Expliquer ce circuit. Comment se nomme cette diode ? ', '2017_03_18_18_17_28_1489857448_Q.jpg'),
(24, 'Décrire le composant électronique qui correspond à cette courbe caractéristique.', '2017_03_18_18_29_09_1489858149_Q.jpg'),
(25, 'Combien de DIGITS possède cet affichage d\'appareil numérique ?', '2017_03_18_18_36_41_1489858601_Q.jpg'),
(26, 'Expliquez cette formule. Ecrire la valeur de r en fonction des autres variables', '2017_03_18_19_04_41_1489860281_Q.jpg'),
(27, 'Un appareil de mesure numérique indique la valeur ci-dessous. Combien a t-il de points de mesures ?', '2017_03_18_23_48_23_1489877303_Q.jpg'),
(28, 'L\'affichage numérique d\'un ampèremètre indique la valeur ci-dessous en [mA]. Le mode d\'emploi indique (2% + 1d). Calculer l\'erreur de cet instrument de mesure.', '2017_03_19_17_19_02_1489940342_Q.jpg'),
(29, 'Comment se nomment les connecteurs de ce câble ?', '2017_03_19_18_03_49_1489943029_Q.jpg'),
(30, 'Comment se nomment les connecteurs de ce câble ?', '2017_03_19_18_17_28_1489943848_Q.jpg'),
(31, 'Comment se nomment les connecteurs de ce câble ?', '2017_03_19_19_41_28_1489948888_Q.jpg'),
(32, 'Comment se nomment les connecteurs de ce câble ?', '2017_03_19_19_51_45_1489949505_Q.jpg'),
(33, 'Où est utilisé ce connecteur et quel est son nom ?', '2017_03_19_20_00_49_1489950049_Q.jpg'),
(34, 'Donner le nom de ce moteur et expliquer son fonctionnement, énoncer des utilisations', '2017_03_20_22_36_46_1490045806_Q.jpg'),
(35, 'Donner quelques explications techniques au sujet de ce composant.', '2017_03_23_00_04_29_1490223869_Q.jpg'),
(36, 'Décrire cette courbe et identifier un composant qui se comporte de la sorte ?', '2017_03_23_00_18_15_1490224695_Q.jpg'),
(37, 'Expliquer les relations mathématiques entres les grandeurs physiques de cette situation.', '2017_03_23_19_25_43_1490293543_Q.jpg'),
(38, 'Nommer les éléments indiqués par les chiffres.', '2017_04_16_14_53_26_1492342286_Q.JPG'),
(39, 'Donner quelques détails sur cet appareil.', '2017_04_16_15_35_24_1492342257_Q.JPG'),
(40, 'Quel est le type ainsi que la composition de cet appareil ?', '2017_04_16_15_28_27_1492342257_Q.JPG'),
(41, 'A quoi sert cet appareil ?', '2017_04_16_15_50_27_1493342257_Q.JPG'),
(42, 'C\'est quoi ?', '2017_04_09_23_28_00_1491773280_Q.jpg'),
(43, 'Nommer les éléments indiqués par les flèches.', '2017_04_16_13_31_26_1492342286_Q.jpg'),
(44, 'A savoir intégralement pour le reste de votre vie. A vous de compléter les "vides"', '2017_04_19_02_00_06_1492560006_Q.jpg'),
(45, 'Règles vitales pour travailler avec des installations électriques. "compléter" les vides.', '2017_04_19_02_11_06_1492560666_Q.jpg'),
(46, '5 règles de sécurité à découvrir sous les traces de peinture', '2017_04_19_02_27_57_1492561677_Q.jpg'),
(47, 'Que dire sur le sujet des niveaux de protection ?', '2017_05_09_09_39_32_1494315572_Q.jpg'),
(48, 'Quelques mots sur les EPI....', '2017_05_09_22_42_11_1494362531_Q.jpg'),
(49, 'Quelques mots sur les niveaux de protection EPI....', '2017_05_09_22_43_52_1494362632_Q.jpg'),
(50, 'Que vient faire ce minéral fibreux dans la NIBT ...', '2017_05_09_22_50_25_1494363025_Q.jpg'),
(51, 'Quelques valeurs manquent... (pointures de chaussures...?)', '2017_05_09_23_28_00_1494365280_Q.jpg'),
(52, 'Les défauts électriques ont des noms.... quels sont-ils ?', '2017_05_09_23_31_14_1494365474_Q.jpg'),
(53, 'Qu\'est ce que le courant de défaut.... ?', '2017_05_09_23_34_02_1494365642_Q.jpg'),
(54, 'Nommer les abréviations et appellations pour les différents courts-circuits.', '2017_05_10_10_49_37_1494406177_Q.jpg'),
(55, 'Comment calculer l\'impédance de boucle globale ?', '2017_05_10_11_45_20_1494409520_Q.jpg'),
(56, 'Dans cette formule, que représente la lettre "alpha" ?', '2017_05_10_17_39_02_1494430742_Q.jpg'),
(57, 'Pour la formule ci-dessous extraire "alpha".', '2017_05_10_17_54_43_1494431683_Q.jpg'),
(58, 'Dans une installation électrique, à quoi cela peut-il servir~?', '2019_05_09_18_32_12_1557426732_Q.jpg'),
(59, 'Quelle est la fonction de cet appareil~?', '2019_05_09_18_48_44_1557427724_Q.jpg'),
(60, 'A quoi sert cet appareil~?', '2019_05_09_19_24_20_1557429860_Q.jpg'),
(61, 'A quoi sert cet appareil~?', '2019_05_09_19_29_30_1557430170_Q.jpg'),
(62, 'Quelle est la fonction de cet appareil~?', '2019_05_09_21_40_45_1557430845_Q.jpg'),
(63, 'Quelle est la fonction de cet appareil~?', '2019_05_09_21_42_58_1557430978_Q.jpg'),
(64, 'Description du fonctionnement de ce schéma.', '2019_05_09_22_10_33_1557432633_Q.jpg'),
(65, 'Description du fonctionnement de ce schéma.', '2019_05_09_22_11_33_1557432693_Q.jpg'),
(66, 'C\'est quoi ?', '2019_05_09_22_17_16_1557433036_Q.jpg'),
(67, 'Décrire cet appareil ?', '2019_05_10_08_23_31_1557469411_Q.jpg'),
(68, 'A quel élément électronique correspond cette courbe ?', '2019_05_10_09_17_36_1557472656_Q.jpg'),
(69, 'A quel élément électronique correspond cette courbe ?', '2019_05_10_09_19_28_1557472768_Q.jpg'),
(70, 'A quel élément électronique correspond cette courbe ?', '2019_05_10_09_21_05_1557472865_Q.jpg'),
(71, 'A quel élément électronique correspond cette courbe ?', '2019_05_10_09_27_55_1557473275_Q.jpg'),
(72, 'A quel élément électronique correspond cette courbe ?', '2019_05_10_09_28_23_1557473303_Q.jpg'),
(73, 'A quel élément électronique correspond cette représentation graphique ?', '2019_05_10_09_29_16_1557473356_Q.jpg'),
(74, 'A quel élément électronique correspond cette représentation graphique ?', '2019_05_10_09_29_37_1557473377_Q.jpg'),
(75, 'A quel élément électronique correspond cette représentation graphique ?', '2019_05_10_09_31_03_1557473463_Q.jpg'),
(76, 'A quel élément électronique correspond cette représentation graphique ?', '2019_05_10_09_31_29_1557473489_Q.jpg'),
(77, 'A quel élément électronique correspond cette représentation graphique ?', '2019_05_10_09_32_21_1557473541_Q.jpg'),
(78, 'A quel élément électronique correspond cette représentation graphique ?', '2019_05_10_09_32_34_1557473554_Q.jpg'),
(79, 'A quel élément électronique correspond cette représentation graphique ?', '2019_05_10_09_34_57_1557473697_Q.jpg'),
(80, 'A quel élément électronique correspond cette représentation graphique ?', '2019_05_10_09_35_21_1557473721_Q.jpg'),
(81, 'A quel élément électronique correspond cette courbe ?', '2019_05_10_09_35_45_1557473745_Q.jpg'),
(82, 'A quel élément électronique correspond cette représentation graphique ?', '2019_05_10_09_37_30_1557473850_Q.jpg'),
(83, 'A quel élément électronique correspond cette courbe ?', '2019_05_10_09_39_05_1557473945_Q.jpg'),
(84, 'A quoi sert cet appareil ?', '2019_05_10_23_59_39_1557525579_Q.jpg'),
(85, 'Décrire cet appareil d\'un point de vue technique ?', '2019_05_12_16_24_45_1557671085_Q.jpg'),
(86, 'Infrarouge Chauffage rayonnant à grande longueur d\'onde. Expliquez.', '2019_05_12_16_34_27_1557671667_Q.jpg'),
(87, 'En télécommunications, expliquer ce qu\'est la "Paradiaphonie (NEXT)".', '2019_05_13_01_43_38_1557704618_Q.jpg'),
(88, 'Quelle est la fréquence de l\'onde porteuse de cet appareil ? Où peut-on trouver un double de ce genre de clé de "bagnole" ?', '2019_05_13_07_27_09_1557725229_Q.jpg'),
(89, 'Expliquer ce qu\'est la "Paradiaphonie cumulée (PS-NEXT)".', '2019_05_13_07_34_16_1557725656_Q.jpg'),
(90, 'Que représente ce circuit électrique ?', '2019_05_13_14_34_36_1557750876_Q.jpg'),
(91, 'A quoi correspond ce diagramme ?', '2019_05_14_07_08_42_1557810522_Q.jpg'),
(92, 'A quoi correspond ce diagramme ?', '2019_05_14_07_15_01_1557810901_Q.jpg'),
(93, 'Décrire les atténuations pour une FO (1 à 4).', '2019_05_14_07_22_55_1557811375_Q.jpg'),
(94, 'Décrire les types de problèmes lors de l\'épissure (FO) ci-dessous.', '2019_05_14_13_03_18_1557831798_Q.jpg'),
(95, 'Décrire les types de problèmes lors de l\'épissure (FO) ci-dessous.', '2019_05_14_17_27_44_1557847664_Q.jpg'),
(96, 'Décrire les types de problèmes lors de l\'épissure (FO) ci-dessous.', '2019_05_14_17_28_16_1557847696_Q.jpg'),
(97, 'Comment se nomme l\'appareil de mesure pour contrôler une ligne FO.', '2019_05_14_17_32_20_1557847940_Q.jpg'),
(98, 'Dans les fibres optiques, l\'atténuation linéique varie en fonction de la longueur d\'onde du signal. Comment se nomment les zones ou l\'atténuation est plus petite ?', '2019_05_14_17_39_06_1557848346_Q.jpg'),
(99, 'Décrire la modulation suivante :', '2019_05_14_20_19_21_1557857961_Q.jpg'),
(100, 'Que représente cette courbe ?', '2019_05_15_08_15_56_1557900956_Q.jpg'),
(101, 'Que représente cette courbe ?', '2019_05_15_08_19_13_1557901153_Q.jpg'),
(102, 'Que représente cette courbe ?', '2019_05_15_08_28_45_1557901725_Q.jpg'),
(103, 'Expliquez la différence entre ces deux façons d\'alimenter des moteurs électriques.', '2019_05_15_08_34_13_1557902053_Q.jpg'),
(104, 'Décrire cette courbe.', '2019_05_15_08_38_46_1557902326_Q.jpg'),
(105, 'Quel est ce moteur ? Quel est son fonctionnement ?', '2019_05_15_17_40_49_1557934849_Q.jpg'),
(106, 'Comment changer le sens de rotation du moteur suivant ?', '2019_05_15_17_44_17_1557935057_Q.jpg'),
(107, 'Quel est ce moteur ? Quel est son fonctionnement ?', '2019_05_15_23_45_09_1557956709_Q.jpg'),
(108, 'Comment changer le sens de rotation du moteur suivant ?', '2019_05_16_00_16_24_1557958584_Q.jpg'),
(109, 'Quel est le moteur électrique qui possède cette caractéristique ?', '2019_05_16_07_22_56_1557984176_Q.jpg'),
(110, 'Expliquer le fonctionnement de ce moteur ?', '2019_05_17_08_33_21_1558074801_Q.jpg'),
(111, 'Quel est le nom de ce moteur ?', '2019_05_17_09_23_03_1558077783_Q.jpg'),
(112, 'Comment fonctionne ce moteur ?', '2019_05_17_09_33_38_1558078418_Q.jpg'),
(113, 'Trouver le nom de ce moteur et décrire son fonctionnement ?', '2019_05_17_18_00_05_1558108805_Q.jpg'),
(114, 'Quel est le "pas" de ce moteur et décrire son fonctionnement ?', '2019_05_17_18_10_29_1558109429_Q.jpg'),
(115, 'Comment se nomment ces éléments et dans quels types de moteurs ils sont utilisés ?', '2019_05_17_21_41_37_1558122097_Q.jpg'),
(116, 'Comment se nomment ces éléments et dans quels types de moteurs ils sont utilisés ?', '2019_05_17_22_34_39_1558125279_Q.jpg'),
(117, 'Quel est le type des moteurs électriques utilisés dans une imprimante 3D ?', '2019_05_18_15_00_25_1558184425_Q.jpg'),
(118, 'A quoi sert ce "machin" ?', '2019_05_18_17_24_02_1558193042_Q.jpg'),
(119, 'Décrire le fonctionnement de ce détecteur ?', '2019_05_18_18_04_17_1558195457_Q.jpg'),
(120, 'Expliquez le principe ci-dessous.', '2019_05_19_12_23_40_1558261420_Q.jpg'),
(121, 'Expliquez le fonctionnement de cet appareil électrique.', '2019_05_19_12_50_45_1558263045_Q.jpg'),
(122, 'NIBT : A quoi sert ce "TRUC" ?', '2019_05_19_14_09_02_1558267742_Q.jpg'),
(123, 'NIBT : Pensez à "remplir" les vides "?" par des réponses "JUSTES".', '2019_05_19_14_25_46_1558268746_Q.jpg'),
(124, 'NIBT : Pensez à "remplir" les vides "?" par des réponses "JUSTES".', '2019_05_19_14_27_19_1558268839_Q.jpg'),
(125, 'NIBT : Compléter les "?"', '2019_05_20_09_22_48_1558336968_Q.jpg'),
(126, 'NIBT : Compléter les "?"', '2019_05_20_09_25_02_1558337102_Q.jpg'),
(127, 'NIBT : Expliquer les différentes situations de montage dans ce dessin.', '2019_05_20_10_01_01_1558339261_Q.jpg'),
(128, 'NIBT : Expliquer les différentes situations de montage dans ce dessin.', '2019_05_20_10_20_55_1558340455_Q.jpg'),
(129, 'NIBT : Quelques commentaires autour de ce dessin.', '2019_05_20_21_50_27_1558381827_Q.jpg'),
(130, 'NIBT : Compléter les "?"', '2019_05_20_22_12_33_1558383153_Q.jpg'),
(131, 'NIBT : Compléter TOUT le tableau.', '2019_05_20_22_24_57_1558383897_Q.jpg'),
(132, 'NIBT : Compléter les "?"', '2019_05_20_23_14_38_1558386878_Q.jpg'),
(133, 'NIBT : Compléter les "?"', '2019_05_20_23_14_59_1558386899_Q.jpg'),
(134, 'NIBT : Compléter toutes les cases du tableau.', '2019_05_20_23_28_22_1558387702_Q.jpg'),
(135, 'NIBT : Compléter les cases "vides" du tableau.', '2019_05_21_00_28_18_1558391298_Q.jpg'),
(136, 'NIBT : Compléter les cases "vides" du tableau.', '2019_05_21_00_29_25_1558391365_Q.jpg'),
(137, 'NIBT : Compléter les cases "vides" du tableau.', '2019_05_21_00_29_45_1558391385_Q.jpg'),
(138, 'NIBT : Compléter les "?"', '2019_05_22_10_08_04_1558512484_Q.jpg'),
(139, 'NIBT : Compléter les dimensions indiquées par des "?"', '2019_05_22_10_15_10_1558512910_Q.jpg'),
(140, 'NIBT : Compléter les 2 cases vides.', '2019_05_22_10_19_22_1558513162_Q.jpg'),
(141, 'NIBT : A quoi sert ce tableau ?', '2019_05_22_10_24_57_1558513497_Q.jpg'),
(142, 'NIBT : A quoi sert ce tableau ?', '2019_05_23_23_44_56_1558647896_Q.jpg'),
(143, 'NIBT : Expliquer le facteur de correction "Kgh".', '2019_05_23_23_53_59_1558648439_Q.jpg'),
(144, 'NIBT : L\'exemple ci-dessous est à discuter :', '2019_05_23_23_59_56_1558648796_Q.jpg'),
(145, 'NIBT : Compléter les cases vides de ce tableau :', '2019_05_24_00_08_35_1558649315_Q.jpg'),
(146, 'NIBT : Remplir le tableau (Les abréviations sont en français, alors que dans la NIBT COMPACT elles sont en DEUTSCH)', '2019_05_24_09_46_12_1558683972_Q.jpg'),
(147, 'NIBT : Comment réaliser la jonction du conducteur de protection ?', '2019_05_24_09_56_04_1558684564_Q.jpg'),
(148, 'NIBT : Comment réaliser la jonction du conducteur de protection ?', '2019_05_24_19_23_03_1558718583_Q.jpg'),
(149, 'NIBT : Comment réaliser la jonction du conducteur de protection ?', '2019_05_24_19_39_46_1558719586_Q.jpg'),
(150, 'NIBT : Pourquoi tenir compte de ce phénomène physique dans la NIBT ?', '2019_05_24_19_51_24_1558720284_Q.jpg'),
(151, 'NIBT : Expliquer les différences entre les DDR ?', '2019_05_24_20_04_26_1558721066_Q.jpg'),
(152, 'NIBT : Dans quel cas peut-on utiliser ce dispositif ?', '2019_05_24_23_16_21_1558732581_Q.jpg'),
(153, 'Montrer "algébriquement" que cette formule est valable en "étoile" ou en "triangle".', '2019_05_25_15_15_27_1558790127_Q.jpg'),
(154, 'Soit un circuit RLC parallèle qui doit résonner à une fréquence de 38 [kHz]. R=56000 Ohms et L = 3 [mH]. Calculer la valeur de C en microfarads.', '2019_05_28_00_45_17_1558997117_Q.jpg'),
(155, 'NIBT: Décrire les implications techniques de ce dessin.', '2019_05_28_06_55_42_1559019342_Q.jpg'),
(156, 'NIBT: Décrire les implications techniques de ce dessin.', '2019_05_28_07_04_15_1559019855_Q.jpg'),
(157, 'NIBT: Calculer la valeur du DDR (?)', '2019_05_28_07_11_34_1559020294_Q.jpg'),
(158, 'NIBT: Donner un titre à ce tableau (Choix des DDR) et compléter les cases vides.', '2019_05_28_07_18_58_1559020738_Q.jpg'),
(159, 'NIBT: Calculer la valeur du DDR (?)', '2019_05_28_07_23_12_1559020992_Q.jpg'),
(160, 'NIBT: Remplir les flèches vides.', '2019_05_28_17_25_26_1559057126_Q.jpg'),
(161, 'NIBT: Comment le courant assigné (InA) d\'un ensemble d\'appareillage peut-il se calculer ? (1 sur 4)', '2019_05_28_23_18_17_1559078297_Q.jpg'),
(162, 'NIBT: Comment le courant assigné (InA) d\'un ensemble d\'appareillage peut-il se calculer ? (2 sur 4)', '2019_05_28_23_28_07_1559078887_Q.jpg'),
(163, 'NIBT: Comment le courant assigné (InA) d\'un ensemble d\'appareillage peut-il se calculer ? (3 sur 4)', '2019_05_28_23_35_04_1559079304_Q.jpg'),
(164, 'NIBT: Comment le courant assigné (InA) d\'un ensemble d\'appareillage peut-il se calculer ? (4 sur 4)', '2019_05_28_23_40_20_1559079620_Q.jpg'),
(165, 'NIBT: Compléter les cases vides du tableau.', '2019_05_29_08_11_40_1559110300_Q.jpg'),
(166, 'NIBT: Citer 5 informations obligatoires à inscrire sur les EA.', ''),
(167, 'NIBT: Compléter les "vides".', '2019_05_29_08_22_36_1559110956_Q.jpg'),
(168, 'NIBT: Compléter les "vides".', '2019_05_29_08_28_30_1559111310_Q.jpg'),
(169, 'NIBT: Décrire les objets désignés par les chiffres', '2019_05_29_08_36_09_1559111769_Q.jpg'),
(170, 'NIBT: Décrire les 2 variantes suivantes', '2019_05_29_16_19_59_1559139599_Q.jpg'),
(171, 'NIBT: Décrire les objets désignés par les chiffres.', '2019_05_29_16_30_56_1559140256_Q.jpg'),
(172, 'NIBT: Quelles sont les hauteurs (a)(b)(c)(d)', '2019_05_29_16_41_07_1559140867_Q.jpg'),
(173, 'NIBT: Comment dimensionner les circuits et connexions à l\'intérieur d\'un ensemble d\'appareillage (variante a)', '2019_05_29_16_55_34_1559141734_Q.jpg'),
(174, 'NIBT: Comment estimer les pertes en [W] ?', '2019_06_03_18_48_30_1559580510_Q.jpg'),
(175, 'NIBT: Quel est le sens de raccordement pour ces dispositifs conjoncteurs ?', '2019_06_04_06_50_35_1559623835_Q.jpg'),
(176, 'NIBT: Compléter les "?" de ce tableau.', '2019_06_04_06_59_02_1559624342_Q.jpg'),
(177, 'NIBT: Compléter les "?" de ce tableau.', '2019_06_04_07_07_32_1559624852_Q.jpg'),
(178, 'NIBT: Compléter les "VIDES" de ce tableau ?', '2019_06_04_07_15_16_1559625316_Q.jpg'),
(179, 'NIBT: Compléter les "VIDES" de ce tableau ?', '2019_06_04_07_20_17_1559625617_Q.jpg'),
(180, 'NIBT: Décrire les objets désignés par les chiffres.', '2019_06_04_07_24_30_1559625870_Q.jpg'),
(181, 'NIBT: Compléter les "VIDES" de ce tableau ?', '2019_06_04_16_52_48_1559659968_Q.jpg'),
(182, 'NIBT: Compléter les "VIDES" de ce tableau ?', '2019_06_04_18_34_10_1559666050_Q.jpg'),
(183, 'NIBT: A quoi sert cette mesure ?', '2019_06_04_18_42_33_1559666553_Q.jpg'),
(184, 'NIBT: Dans cette mesure, quelles sont les caractéristiques de la source de tension ?', '2019_06_04_18_53_48_1559667228_Q.jpg'),
(185, 'NIBT: Dans une "mesure d\'isolement", raccorder l\'appareil de mesure. ', '2019_06_04_19_04_20_1559667860_Q.jpg'),
(186, 'NIBT: Compléter les "VIDES" de ce tableau ?', '2019_06_04_19_39_00_1559669940_Q.jpg'),
(187, 'NIBT: Compléter le "?" et donner un titre à cette image.', '2019_06_04_19_43_41_1559670221_Q.jpg'),
(188, 'NIBT: Description de cette vérification.', '2019_06_04_20_06_57_1559671617_Q.jpg'),
(189, 'NIBT: Description des situations ci-dessous', '2019_06_04_20_14_19_1559672059_Q.jpg'),
(190, 'NIBT: Description des situations ci-dessous', '2019_06_04_20_29_07_1559672947_Q.jpg'),
(191, 'NIBT: Décrire les objets désignés par les chiffres.', '2019_06_04_20_39_12_1559673552_Q.jpg');

-- --------------------------------------------------------

--
-- Structure de la table `t_question_souscat`
--

CREATE TABLE `t_question_souscat` (
  `Id_Question_SousCat` int(11) NOT NULL,
  `FK_QUESTION_QR` int(11) NOT NULL,
  `fk_sous_categorie` int(11) NOT NULL,
  `Date_Quest_Sous_Categorie` timestamp NOT NULL DEFAULT CURRENT_TIMESTAMP ON UPDATE CURRENT_TIMESTAMP
) ENGINE=InnoDB DEFAULT CHARSET=utf8 COLLATE=utf8_bin;

--
-- Contenu de la table `t_question_souscat`
--

INSERT INTO `t_question_souscat` (`Id_Question_SousCat`, `FK_QUESTION_QR`, `fk_sous_categorie`, `Date_Quest_Sous_Categorie`) VALUES
(1, 9, 3, '2017-02-25 14:33:05'),
(2, 3, 1, '2017-02-25 14:34:44'),
(3, 4, 2, '2017-02-25 14:35:30'),
(4, 2, 3, '2017-02-25 14:36:57'),
(5, 2, 5, '2017-02-25 14:38:41'),
(6, 5, 6, '2017-02-25 14:40:28'),
(7, 5, 7, '2017-02-25 14:41:56'),
(8, 11, 2, '2017-02-25 14:44:18'),
(9, 10, 3, '2017-02-25 14:45:13'),
(10, 10, 4, '2017-02-25 14:45:31'),
(11, 7, 2, '2017-02-25 14:47:42'),
(12, 8, 8, '2017-02-25 14:49:19'),
(14, 8, 9, '2017-02-25 14:51:54'),
(15, 8, 10, '2017-02-25 14:51:54'),
(16, 8, 11, '2017-02-25 14:52:06'),
(17, 8, 12, '2017-02-25 14:53:54'),
(18, 6, 2, '2017-02-25 14:54:42'),
(19, 6, 13, '2017-02-25 14:56:08'),
(20, 7, 13, '2017-02-25 14:57:26'),
(21, 12, 3, '2017-02-25 18:12:56'),
(22, 12, 15, '2017-02-25 18:13:25'),
(23, 12, 17, '2017-02-25 18:13:41'),
(24, 12, 16, '2017-02-25 18:14:02'),
(25, 13, 8, '2017-02-27 05:47:48'),
(26, 13, 9, '2017-02-27 05:47:48'),
(27, 13, 18, '2017-02-27 05:51:59'),
(28, 13, 19, '2017-02-27 05:51:59'),
(29, 13, 20, '2017-02-27 05:52:25'),
(30, 13, 21, '2017-02-27 05:52:25'),
(31, 14, 18, '2017-02-27 06:16:43'),
(32, 14, 19, '2017-02-27 06:16:43'),
(33, 14, 20, '2017-02-27 06:16:43'),
(34, 14, 21, '2017-02-27 06:16:43'),
(35, 14, 22, '2017-02-27 06:16:43'),
(36, 15, 18, '2017-03-11 12:27:24'),
(37, 15, 19, '2017-03-11 12:27:24'),
(38, 15, 20, '2017-03-11 12:27:24'),
(39, 15, 21, '2017-03-11 12:27:24'),
(40, 15, 22, '2017-03-11 12:27:24'),
(41, 16, 18, '2017-03-11 17:14:21'),
(42, 16, 19, '2017-03-11 17:14:21'),
(43, 16, 20, '2017-03-11 17:14:21'),
(44, 16, 21, '2017-03-11 17:14:21'),
(45, 16, 22, '2017-03-11 17:14:21'),
(46, 17, 18, '2017-03-11 22:47:36'),
(47, 17, 19, '2017-03-11 22:47:36'),
(48, 17, 20, '2017-03-11 22:47:36'),
(49, 17, 21, '2017-03-11 22:47:36'),
(50, 17, 22, '2017-03-11 22:47:36'),
(51, 18, 18, '2017-03-12 18:41:25'),
(52, 18, 19, '2017-03-12 18:41:25'),
(53, 18, 20, '2017-03-12 18:41:25'),
(54, 18, 21, '2017-03-12 18:41:25'),
(55, 18, 22, '2017-03-12 18:41:25'),
(56, 19, 18, '2017-03-12 20:10:44'),
(57, 19, 19, '2017-03-12 20:10:44'),
(58, 19, 20, '2017-03-12 20:10:44'),
(59, 19, 21, '2017-03-12 20:10:44'),
(60, 19, 22, '2017-03-12 20:10:45'),
(61, 20, 18, '2017-03-12 21:43:48'),
(62, 20, 19, '2017-03-12 21:43:48'),
(63, 20, 22, '2017-03-12 21:43:48'),
(64, 21, 18, '2017-03-14 05:02:38'),
(65, 21, 19, '2017-03-14 05:02:38'),
(66, 21, 24, '2017-03-14 05:02:38'),
(67, 22, 3, '2017-03-15 17:40:36'),
(68, 22, 25, '2017-03-15 17:44:39'),
(69, 22, 26, '2017-03-15 17:44:39'),
(70, 23, 3, '2017-03-18 17:17:28'),
(71, 23, 25, '2017-03-18 17:17:28'),
(72, 23, 26, '2017-03-18 17:17:28'),
(73, 23, 10, '2017-03-18 17:17:28'),
(74, 24, 3, '2017-03-18 17:29:09'),
(75, 24, 25, '2017-03-18 17:29:09'),
(76, 24, 10, '2017-03-18 17:29:09'),
(77, 25, 3, '2017-03-18 17:36:41'),
(78, 25, 8, '2017-03-18 17:36:41'),
(79, 23, 8, '2017-03-18 17:39:46'),
(80, 24, 8, '2017-03-18 17:39:46'),
(81, 26, 12, '2017-03-18 18:04:41'),
(82, 26, 28, '2017-03-18 18:04:41'),
(83, 26, 29, '2017-03-18 18:04:41'),
(84, 26, 30, '2017-03-18 18:04:41'),
(85, 27, 3, '2017-03-18 22:48:23'),
(86, 27, 8, '2017-03-18 22:48:23'),
(87, 27, 31, '2017-03-18 22:48:23'),
(88, 28, 3, '2017-03-19 16:19:02'),
(89, 28, 8, '2017-03-19 16:19:02'),
(90, 28, 25, '2017-03-19 16:19:02'),
(91, 28, 31, '2017-03-19 16:19:02'),
(92, 29, 8, '2017-03-19 17:03:49'),
(93, 29, 10, '2017-03-19 17:03:49'),
(94, 29, 18, '2017-03-19 17:03:49'),
(95, 29, 19, '2017-03-19 17:03:49'),
(96, 29, 20, '2017-03-19 17:03:49'),
(97, 29, 21, '2017-03-19 17:03:49'),
(98, 29, 22, '2017-03-19 17:03:49'),
(99, 29, 32, '2017-03-19 17:03:49'),
(100, 29, 33, '2017-03-19 17:03:49'),
(101, 30, 3, '2017-03-19 17:17:28'),
(102, 30, 8, '2017-03-19 17:17:28'),
(103, 30, 9, '2017-03-19 17:17:28'),
(104, 30, 10, '2017-03-19 17:17:28'),
(105, 30, 18, '2017-03-19 17:17:28'),
(106, 30, 19, '2017-03-19 17:17:28'),
(107, 30, 20, '2017-03-19 17:17:28'),
(108, 30, 21, '2017-03-19 17:17:28'),
(109, 30, 22, '2017-03-19 17:17:28'),
(110, 30, 32, '2017-03-19 17:17:28'),
(111, 30, 33, '2017-03-19 17:17:28'),
(112, 31, 3, '2017-03-19 18:41:28'),
(113, 31, 8, '2017-03-19 18:41:28'),
(114, 31, 10, '2017-03-19 18:41:28'),
(115, 31, 19, '2017-03-19 18:41:28'),
(116, 31, 20, '2017-03-19 18:41:28'),
(117, 31, 21, '2017-03-19 18:41:28'),
(118, 31, 22, '2017-03-19 18:41:28'),
(119, 31, 32, '2017-03-19 18:41:28'),
(120, 31, 33, '2017-03-19 18:41:28'),
(121, 32, 3, '2017-03-19 18:51:45'),
(122, 32, 8, '2017-03-19 18:51:45'),
(123, 32, 18, '2017-03-19 18:51:45'),
(124, 32, 19, '2017-03-19 18:51:45'),
(125, 32, 20, '2017-03-19 18:51:45'),
(126, 32, 21, '2017-03-19 18:51:45'),
(127, 32, 22, '2017-03-19 18:51:45'),
(128, 32, 32, '2017-03-19 18:51:45'),
(129, 32, 33, '2017-03-19 18:51:45'),
(130, 33, 3, '2017-03-19 19:00:50'),
(131, 33, 8, '2017-03-19 19:00:50'),
(132, 33, 18, '2017-03-19 19:00:50'),
(133, 33, 19, '2017-03-19 19:00:50'),
(134, 33, 20, '2017-03-19 19:00:50'),
(135, 33, 21, '2017-03-19 19:00:50'),
(136, 33, 22, '2017-03-19 19:00:50'),
(137, 33, 32, '2017-03-19 19:00:50'),
(138, 33, 33, '2017-03-19 19:00:50'),
(139, 34, 3, '2017-03-20 21:36:46'),
(140, 34, 16, '2017-03-20 21:36:46'),
(141, 34, 27, '2017-03-20 21:36:46'),
(142, 35, 3, '2017-03-22 23:04:29'),
(143, 35, 8, '2017-03-22 23:04:29'),
(144, 35, 9, '2017-03-22 23:04:29'),
(145, 35, 13, '2017-03-22 23:04:29'),
(146, 35, 26, '2017-03-22 23:04:29'),
(147, 36, 3, '2017-03-22 23:18:15'),
(148, 36, 8, '2017-03-22 23:18:15'),
(149, 36, 9, '2017-03-22 23:18:15'),
(150, 37, 27, '2017-03-23 18:25:44'),
(151, 37, 30, '2017-03-23 18:25:44'),
(152, 37, 35, '2017-03-23 18:25:44'),
(156, 42, 2, '2017-04-09 21:28:00'),
(157, 42, 16, '2017-04-09 21:28:00'),
(158, 42, 5, '2017-04-09 21:28:00'),
(159, 42, 3, '2017-04-09 21:28:00'),
(160, 42, 27, '2017-04-09 21:28:00'),
(161, 43, 48, '2017-04-16 11:31:26'),
(162, 43, 2, '2017-04-16 11:31:26'),
(163, 43, 3, '2017-04-16 11:31:26'),
(164, 43, 13, '2017-04-16 11:31:26'),
(165, 43, 18, '2017-04-16 11:31:26'),
(166, 44, 2, '2017-04-19 00:00:06'),
(167, 44, 67, '2017-04-19 00:00:06'),
(168, 44, 6, '2017-04-19 00:00:06'),
(169, 44, 7, '2017-04-19 00:00:06'),
(170, 45, 2, '2017-04-19 00:11:06'),
(171, 45, 67, '2017-04-19 00:11:06'),
(172, 45, 7, '2017-04-19 00:11:06'),
(173, 46, 2, '2017-04-19 00:27:57'),
(174, 46, 67, '2017-04-19 00:27:57'),
(175, 46, 6, '2017-04-19 00:27:57'),
(176, 46, 3, '2017-04-19 00:27:57'),
(177, 46, 13, '2017-04-19 00:27:57'),
(178, 47, 2, '2017-05-09 07:39:33'),
(179, 47, 67, '2017-05-09 07:39:33'),
(180, 47, 3, '2017-05-09 07:39:33'),
(181, 47, 13, '2017-05-09 07:39:33'),
(182, 48, 2, '2017-05-09 20:42:11'),
(183, 48, 68, '2017-05-09 20:42:11'),
(184, 48, 6, '2017-05-09 20:42:11'),
(185, 48, 3, '2017-05-09 20:42:11'),
(186, 48, 7, '2017-05-09 20:42:11'),
(187, 48, 13, '2017-05-09 20:42:11'),
(188, 49, 2, '2017-05-09 20:43:52'),
(189, 49, 68, '2017-05-09 20:43:52'),
(190, 49, 6, '2017-05-09 20:43:52'),
(191, 49, 3, '2017-05-09 20:43:52'),
(192, 49, 7, '2017-05-09 20:43:52'),
(193, 49, 13, '2017-05-09 20:43:52'),
(194, 50, 2, '2017-05-09 20:50:25'),
(195, 50, 68, '2017-05-09 20:50:25'),
(196, 50, 6, '2017-05-09 20:50:25'),
(197, 50, 3, '2017-05-09 20:50:25'),
(198, 50, 7, '2017-05-09 20:50:25'),
(199, 50, 13, '2017-05-09 20:50:25'),
(200, 51, 2, '2017-05-09 21:28:00'),
(201, 51, 67, '2017-05-09 21:28:00'),
(202, 51, 68, '2017-05-09 21:28:00'),
(203, 51, 3, '2017-05-09 21:28:00'),
(204, 51, 23, '2017-05-09 21:28:00'),
(205, 51, 13, '2017-05-09 21:28:00'),
(206, 52, 2, '2017-05-09 21:31:14'),
(207, 52, 67, '2017-05-09 21:31:14'),
(208, 52, 68, '2017-05-09 21:31:14'),
(209, 52, 3, '2017-05-09 21:31:14'),
(210, 52, 23, '2017-05-09 21:31:14'),
(211, 52, 14, '2017-05-09 21:31:14'),
(212, 52, 13, '2017-05-09 21:31:14'),
(213, 53, 53, '2017-05-09 21:34:02'),
(214, 53, 2, '2017-05-09 21:34:02'),
(215, 53, 67, '2017-05-09 21:34:02'),
(216, 53, 68, '2017-05-09 21:34:02'),
(217, 53, 25, '2017-05-09 21:34:02'),
(218, 53, 3, '2017-05-09 21:34:02'),
(219, 53, 23, '2017-05-09 21:34:02'),
(220, 53, 14, '2017-05-09 21:34:02'),
(221, 53, 13, '2017-05-09 21:34:02'),
(222, 53, 49, '2017-05-09 21:34:02'),
(223, 54, 2, '2017-05-10 08:49:37'),
(224, 54, 67, '2017-05-10 08:49:37'),
(225, 54, 25, '2017-05-10 08:49:37'),
(226, 54, 13, '2017-05-10 08:49:37'),
(227, 55, 2, '2017-05-10 09:45:20'),
(228, 55, 67, '2017-05-10 09:45:20'),
(229, 55, 3, '2017-05-10 09:45:20'),
(230, 55, 13, '2017-05-10 09:45:20'),
(231, 56, 64, '2017-05-10 15:39:02'),
(232, 56, 3, '2017-05-10 15:39:02'),
(233, 56, 8, '2017-05-10 15:39:02'),
(234, 56, 31, '2017-05-10 15:39:02'),
(235, 56, 62, '2017-05-10 15:39:02'),
(236, 56, 26, '2017-05-10 15:39:02'),
(237, 57, 61, '2017-05-10 15:54:43'),
(238, 57, 3, '2017-05-10 15:54:43'),
(239, 57, 62, '2017-05-10 15:54:43'),
(240, 57, 26, '2017-05-10 15:54:43');

-- --------------------------------------------------------

--
-- Structure de la table `t_quest_categories`
--

CREATE TABLE `t_quest_categories` (
  `id_T_Quest_Categories` int(11) NOT NULL,
  `fk_question` int(11) NOT NULL,
  `fk_categorie` int(11) NOT NULL,
  `Date_Quest_Categorie` timestamp NOT NULL DEFAULT CURRENT_TIMESTAMP ON UPDATE CURRENT_TIMESTAMP
) ENGINE=InnoDB DEFAULT CHARSET=utf8 COLLATE=utf8_bin;

--
-- Contenu de la table `t_quest_categories`
--

INSERT INTO `t_quest_categories` (`id_T_Quest_Categories`, `fk_question`, `fk_categorie`, `Date_Quest_Categorie`) VALUES
(1, 1, 690, '2017-02-25 14:29:27'),
(2, 5, 126, '2017-02-25 14:30:16'),
(3, 5, 689, '2017-02-25 14:30:55'),
(4, 9, 126, '2017-02-25 14:31:57'),
(5, 3, 690, '2017-02-25 14:34:07'),
(6, 4, 689, '2017-02-25 14:35:59'),
(7, 2, 126, '2017-02-25 14:36:42'),
(8, 11, 689, '2017-02-25 14:43:53'),
(9, 10, 126, '2017-02-25 14:46:15'),
(10, 10, 688, '2017-02-25 14:46:15'),
(11, 7, 689, '2017-02-25 14:46:54'),
(12, 8, 690, '2017-02-25 14:49:59'),
(13, 6, 689, '2017-02-25 14:55:05'),
(14, 12, 126, '2017-02-25 18:11:19'),
(15, 12, 688, '2017-02-25 18:11:47'),
(16, 12, 95, '2017-02-25 17:55:04'),
(17, 13, 690, '2017-02-27 05:47:48'),
(18, 14, 690, '2017-02-27 06:16:43'),
(19, 15, 689, '2017-03-11 12:27:24'),
(20, 15, 690, '2017-03-11 12:27:24'),
(21, 16, 689, '2017-03-11 17:14:21'),
(22, 16, 690, '2017-03-11 17:14:21'),
(23, 17, 689, '2017-03-11 22:47:36'),
(24, 17, 690, '2017-03-11 22:47:36'),
(25, 18, 689, '2017-03-12 18:41:25'),
(26, 18, 690, '2017-03-12 18:41:25'),
(27, 19, 689, '2017-03-12 20:10:44'),
(28, 19, 690, '2017-03-12 20:10:44'),
(29, 20, 690, '2017-03-12 21:43:48'),
(30, 21, 690, '2017-03-14 05:02:38'),
(31, 22, 95, '2017-03-15 17:40:36'),
(32, 22, 126, '2017-03-15 17:40:36'),
(33, 23, 126, '2017-03-18 17:17:28'),
(34, 23, 690, '2017-03-18 17:17:28'),
(35, 24, 126, '2017-03-18 17:29:09'),
(36, 24, 690, '2017-03-18 17:29:09'),
(37, 25, 126, '2017-03-18 17:36:41'),
(38, 25, 690, '2017-03-18 17:36:41'),
(39, 26, 95, '2017-03-18 18:04:41'),
(40, 27, 126, '2017-03-18 22:48:23'),
(41, 27, 690, '2017-03-18 22:48:23'),
(42, 28, 126, '2017-03-19 16:19:02'),
(43, 28, 690, '2017-03-19 16:19:02'),
(44, 29, 690, '2017-03-19 17:03:49'),
(45, 30, 126, '2017-03-19 17:17:28'),
(46, 30, 690, '2017-03-19 17:17:28'),
(47, 31, 126, '2017-03-19 18:41:28'),
(48, 31, 690, '2017-03-19 18:41:28'),
(49, 32, 126, '2017-03-19 18:51:45'),
(50, 32, 690, '2017-03-19 18:51:45'),
(51, 33, 126, '2017-03-19 19:00:50'),
(52, 33, 690, '2017-03-19 19:00:50'),
(53, 34, 126, '2017-03-20 21:36:46'),
(54, 34, 688, '2017-03-20 21:36:46'),
(55, 35, 126, '2017-03-22 23:04:29'),
(56, 35, 690, '2017-03-22 23:04:29'),
(57, 36, 95, '2017-03-22 23:18:15'),
(58, 36, 126, '2017-03-22 23:18:15'),
(59, 36, 690, '2017-03-22 23:18:15'),
(60, 37, 95, '2017-03-23 18:25:44'),
(61, 37, 126, '2017-03-23 18:25:44'),
(62, 37, 688, '2017-03-23 18:25:44'),
(66, 42, 126, '2017-04-09 21:28:00'),
(67, 42, 688, '2017-04-09 21:28:00'),
(68, 42, 689, '2017-04-09 21:28:00'),
(69, 43, 689, '2017-04-16 11:31:26'),
(70, 44, 126, '2017-04-19 00:00:06'),
(71, 44, 689, '2017-04-19 00:00:06'),
(72, 45, 689, '2017-04-19 00:11:06'),
(73, 46, 689, '2017-04-19 00:27:57'),
(74, 47, 689, '2017-05-09 07:39:33'),
(75, 48, 689, '2017-05-09 20:42:11'),
(76, 49, 689, '2017-05-09 20:43:52'),
(77, 50, 689, '2017-05-09 20:50:25'),
(78, 51, 126, '2017-05-09 21:28:00'),
(79, 51, 689, '2017-05-09 21:28:00'),
(80, 52, 126, '2017-05-09 21:31:14'),
(81, 52, 688, '2017-05-09 21:31:14'),
(82, 52, 689, '2017-05-09 21:31:14'),
(83, 53, 126, '2017-05-09 21:34:02'),
(84, 53, 688, '2017-05-09 21:34:02'),
(85, 53, 689, '2017-05-09 21:34:02'),
(86, 54, 126, '2017-05-10 08:49:37'),
(87, 54, 689, '2017-05-10 08:49:37'),
(88, 55, 126, '2017-05-10 09:45:20'),
(89, 55, 689, '2017-05-10 09:45:20'),
(90, 56, 126, '2017-05-10 15:39:02'),
(91, 57, 126, '2017-05-10 15:54:43'),
(92, 57, 690, '2017-05-10 15:54:43'),
(93, 58, 126, '2019-05-09 18:32:12'),
(94, 58, 690, '2019-05-09 18:32:12'),
(95, 59, 126, '2019-05-09 18:48:44'),
(96, 59, 690, '2019-05-09 18:48:44'),
(97, 60, 126, '2019-05-09 19:24:20'),
(98, 60, 690, '2019-05-09 19:24:20'),
(99, 61, 126, '2019-05-09 19:29:30'),
(100, 61, 690, '2019-05-09 19:29:30'),
(101, 62, 126, '2019-05-09 19:40:45'),
(102, 62, 690, '2019-05-09 19:40:45'),
(103, 63, 126, '2019-05-09 19:42:58'),
(104, 63, 690, '2019-05-09 19:42:58'),
(105, 64, 126, '2019-05-09 20:10:33'),
(106, 64, 690, '2019-05-09 20:10:33'),
(107, 65, 126, '2019-05-09 20:11:33'),
(108, 65, 690, '2019-05-09 20:11:33'),
(109, 66, 126, '2019-05-09 20:17:16'),
(110, 66, 690, '2019-05-09 20:17:16'),
(111, 67, 126, '2019-05-10 06:23:31'),
(112, 67, 688, '2019-05-10 06:23:31'),
(113, 67, 690, '2019-05-10 06:23:31'),
(114, 68, 95, '2019-05-10 07:17:36'),
(115, 68, 126, '2019-05-10 07:17:36'),
(116, 68, 690, '2019-05-10 07:17:36'),
(117, 69, 95, '2019-05-10 07:19:28'),
(118, 69, 126, '2019-05-10 07:19:28'),
(119, 69, 690, '2019-05-10 07:19:28'),
(120, 70, 95, '2019-05-10 07:21:05'),
(121, 70, 126, '2019-05-10 07:21:05'),
(122, 70, 690, '2019-05-10 07:21:05'),
(123, 71, 95, '2019-05-10 07:27:55'),
(124, 71, 126, '2019-05-10 07:27:55'),
(125, 71, 690, '2019-05-10 07:27:55'),
(126, 72, 95, '2019-05-10 07:28:23'),
(127, 72, 126, '2019-05-10 07:28:23'),
(128, 72, 690, '2019-05-10 07:28:23'),
(129, 73, 95, '2019-05-10 07:29:16'),
(130, 73, 126, '2019-05-10 07:29:16'),
(131, 73, 690, '2019-05-10 07:29:16'),
(132, 74, 95, '2019-05-10 07:29:37'),
(133, 74, 126, '2019-05-10 07:29:37'),
(134, 74, 690, '2019-05-10 07:29:37'),
(135, 75, 95, '2019-05-10 07:31:03'),
(136, 75, 126, '2019-05-10 07:31:03'),
(137, 75, 690, '2019-05-10 07:31:03'),
(138, 76, 95, '2019-05-10 07:31:29'),
(139, 76, 126, '2019-05-10 07:31:29'),
(140, 76, 690, '2019-05-10 07:31:29'),
(141, 77, 95, '2019-05-10 07:32:21'),
(142, 77, 126, '2019-05-10 07:32:21'),
(143, 77, 690, '2019-05-10 07:32:21'),
(144, 78, 95, '2019-05-10 07:32:34'),
(145, 78, 126, '2019-05-10 07:32:34'),
(146, 78, 690, '2019-05-10 07:32:34'),
(147, 79, 95, '2019-05-10 07:34:57'),
(148, 79, 126, '2019-05-10 07:34:57'),
(149, 79, 690, '2019-05-10 07:34:57'),
(150, 80, 95, '2019-05-10 07:35:21'),
(151, 80, 126, '2019-05-10 07:35:21'),
(152, 80, 690, '2019-05-10 07:35:21'),
(153, 81, 95, '2019-05-10 07:35:45'),
(154, 81, 126, '2019-05-10 07:35:45'),
(155, 81, 690, '2019-05-10 07:35:45'),
(156, 82, 95, '2019-05-10 07:37:30'),
(157, 82, 126, '2019-05-10 07:37:30'),
(158, 82, 690, '2019-05-10 07:37:30'),
(159, 83, 95, '2019-05-10 07:39:05'),
(160, 83, 126, '2019-05-10 07:39:05'),
(161, 83, 690, '2019-05-10 07:39:05'),
(162, 84, 126, '2019-05-10 21:59:39'),
(163, 84, 688, '2019-05-10 21:59:39'),
(164, 84, 690, '2019-05-10 21:59:39'),
(165, 85, 126, '2019-05-12 14:24:45'),
(166, 85, 688, '2019-05-12 14:24:45'),
(167, 86, 126, '2019-05-12 14:34:28'),
(168, 86, 688, '2019-05-12 14:34:28'),
(169, 87, 95, '2019-05-12 23:43:38'),
(170, 87, 126, '2019-05-12 23:43:38'),
(171, 87, 690, '2019-05-12 23:43:38'),
(172, 88, 95, '2019-05-13 05:27:09'),
(173, 88, 126, '2019-05-13 05:27:09'),
(174, 88, 690, '2019-05-13 05:27:09'),
(175, 89, 95, '2019-05-13 05:34:16'),
(176, 89, 126, '2019-05-13 05:34:16'),
(177, 89, 690, '2019-05-13 05:34:16'),
(178, 90, 95, '2019-05-13 12:34:36'),
(179, 90, 126, '2019-05-13 12:34:36'),
(180, 90, 690, '2019-05-13 12:34:36'),
(181, 91, 95, '2019-05-14 05:08:42'),
(182, 91, 126, '2019-05-14 05:08:42'),
(183, 91, 690, '2019-05-14 05:08:42'),
(184, 92, 95, '2019-05-14 05:15:01'),
(185, 92, 126, '2019-05-14 05:15:01'),
(186, 92, 690, '2019-05-14 05:15:01'),
(187, 93, 95, '2019-05-14 05:22:55'),
(188, 93, 126, '2019-05-14 05:22:55'),
(189, 93, 690, '2019-05-14 05:22:55'),
(190, 94, 95, '2019-05-14 11:03:18'),
(191, 94, 126, '2019-05-14 11:03:18'),
(192, 94, 690, '2019-05-14 11:03:18'),
(193, 95, 95, '2019-05-14 15:27:44'),
(194, 95, 126, '2019-05-14 15:27:44'),
(195, 95, 690, '2019-05-14 15:27:44'),
(196, 96, 95, '2019-05-14 15:28:16'),
(197, 96, 126, '2019-05-14 15:28:16'),
(198, 96, 690, '2019-05-14 15:28:16'),
(199, 97, 95, '2019-05-14 15:32:20'),
(200, 97, 126, '2019-05-14 15:32:20'),
(201, 97, 690, '2019-05-14 15:32:20'),
(202, 98, 95, '2019-05-14 15:39:06'),
(203, 98, 126, '2019-05-14 15:39:06'),
(204, 98, 690, '2019-05-14 15:39:06'),
(205, 99, 95, '2019-05-14 18:19:21'),
(206, 99, 126, '2019-05-14 18:19:21'),
(207, 99, 690, '2019-05-14 18:19:21'),
(208, 100, 95, '2019-05-15 06:15:56'),
(209, 100, 126, '2019-05-15 06:15:56'),
(210, 100, 688, '2019-05-15 06:15:56'),
(211, 100, 690, '2019-05-15 06:15:56'),
(212, 101, 95, '2019-05-15 06:19:13'),
(213, 101, 126, '2019-05-15 06:19:13'),
(214, 101, 688, '2019-05-15 06:19:13'),
(215, 101, 690, '2019-05-15 06:19:13'),
(216, 102, 95, '2019-05-15 06:28:45'),
(217, 102, 126, '2019-05-15 06:28:45'),
(218, 102, 688, '2019-05-15 06:28:45'),
(219, 102, 690, '2019-05-15 06:28:45'),
(220, 103, 95, '2019-05-15 06:34:13'),
(221, 103, 126, '2019-05-15 06:34:13'),
(222, 103, 688, '2019-05-15 06:34:13'),
(223, 103, 690, '2019-05-15 06:34:13'),
(224, 104, 95, '2019-05-15 06:38:46'),
(225, 104, 126, '2019-05-15 06:38:46'),
(226, 104, 688, '2019-05-15 06:38:46'),
(227, 104, 690, '2019-05-15 06:38:46'),
(228, 105, 95, '2019-05-15 15:40:49'),
(229, 105, 126, '2019-05-15 15:40:49'),
(230, 105, 688, '2019-05-15 15:40:49'),
(231, 105, 690, '2019-05-15 15:40:49'),
(232, 106, 95, '2019-05-15 15:44:17'),
(233, 106, 126, '2019-05-15 15:44:17'),
(234, 106, 688, '2019-05-15 15:44:17'),
(235, 106, 690, '2019-05-15 15:44:17'),
(236, 107, 95, '2019-05-15 21:45:09'),
(237, 107, 126, '2019-05-15 21:45:09'),
(238, 107, 688, '2019-05-15 21:45:09'),
(239, 108, 95, '2019-05-15 22:16:24'),
(240, 108, 126, '2019-05-15 22:16:24'),
(241, 108, 688, '2019-05-15 22:16:24'),
(242, 108, 690, '2019-05-15 22:16:24'),
(243, 109, 95, '2019-05-16 05:22:56'),
(244, 109, 126, '2019-05-16 05:22:56'),
(245, 109, 688, '2019-05-16 05:22:56'),
(246, 109, 690, '2019-05-16 05:22:56'),
(247, 110, 95, '2019-05-17 06:33:21'),
(248, 110, 126, '2019-05-17 06:33:21'),
(249, 110, 688, '2019-05-17 06:33:21'),
(250, 110, 690, '2019-05-17 06:33:21'),
(251, 111, 95, '2019-05-17 07:23:03'),
(252, 111, 126, '2019-05-17 07:23:03'),
(253, 111, 688, '2019-05-17 07:23:03'),
(254, 111, 690, '2019-05-17 07:23:03'),
(255, 112, 95, '2019-05-17 07:33:38'),
(256, 112, 126, '2019-05-17 07:33:38'),
(257, 112, 688, '2019-05-17 07:33:38'),
(258, 112, 690, '2019-05-17 07:33:38'),
(259, 113, 95, '2019-05-17 16:00:05'),
(260, 113, 126, '2019-05-17 16:00:05'),
(261, 113, 688, '2019-05-17 16:00:05'),
(262, 113, 690, '2019-05-17 16:00:05'),
(263, 114, 95, '2019-05-17 16:10:29'),
(264, 114, 126, '2019-05-17 16:10:29'),
(265, 114, 688, '2019-05-17 16:10:29'),
(266, 114, 690, '2019-05-17 16:10:29'),
(267, 115, 95, '2019-05-17 19:41:37'),
(268, 115, 126, '2019-05-17 19:41:37'),
(269, 115, 688, '2019-05-17 19:41:37'),
(270, 115, 690, '2019-05-17 19:41:37'),
(271, 116, 95, '2019-05-17 20:34:39'),
(272, 116, 126, '2019-05-17 20:34:39'),
(273, 116, 688, '2019-05-17 20:34:39'),
(274, 116, 690, '2019-05-17 20:34:39'),
(275, 117, 95, '2019-05-18 13:00:25'),
(276, 117, 126, '2019-05-18 13:00:25'),
(277, 117, 688, '2019-05-18 13:00:25'),
(278, 117, 690, '2019-05-18 13:00:25'),
(279, 118, 126, '2019-05-18 15:24:02'),
(280, 118, 688, '2019-05-18 15:24:02'),
(281, 118, 690, '2019-05-18 15:24:02'),
(282, 119, 126, '2019-05-18 16:04:17'),
(283, 119, 688, '2019-05-18 16:04:17'),
(284, 119, 690, '2019-05-18 16:04:17'),
(285, 120, 95, '2019-05-19 10:23:40'),
(286, 120, 126, '2019-05-19 10:23:40'),
(287, 120, 688, '2019-05-19 10:23:40'),
(288, 120, 690, '2019-05-19 10:23:40'),
(289, 121, 95, '2019-05-19 10:50:45'),
(290, 121, 126, '2019-05-19 10:50:45'),
(291, 121, 688, '2019-05-19 10:50:45'),
(292, 121, 690, '2019-05-19 10:50:45'),
(293, 122, 689, '2019-05-19 12:09:02'),
(294, 123, 689, '2019-05-19 12:25:46'),
(295, 124, 689, '2019-05-19 12:27:19'),
(296, 125, 689, '2019-05-20 07:22:48'),
(297, 126, 689, '2019-05-20 07:25:02'),
(298, 127, 689, '2019-05-20 08:01:01'),
(299, 128, 689, '2019-05-20 08:20:55'),
(300, 129, 689, '2019-05-20 19:50:27'),
(301, 130, 689, '2019-05-20 20:12:33'),
(302, 131, 689, '2019-05-20 20:24:57'),
(303, 132, 689, '2019-05-20 21:14:38'),
(304, 133, 689, '2019-05-20 21:14:59'),
(305, 134, 689, '2019-05-20 21:28:22'),
(306, 135, 689, '2019-05-20 22:28:18'),
(307, 136, 689, '2019-05-20 22:29:25'),
(308, 137, 689, '2019-05-20 22:29:45'),
(309, 138, 689, '2019-05-22 08:08:04'),
(310, 139, 689, '2019-05-22 08:15:10'),
(311, 140, 689, '2019-05-22 08:19:22'),
(312, 141, 689, '2019-05-22 08:24:58'),
(313, 142, 689, '2019-05-23 21:44:56'),
(314, 143, 689, '2019-05-23 21:53:59'),
(315, 144, 689, '2019-05-23 21:59:56'),
(316, 145, 689, '2019-05-23 22:08:35'),
(317, 146, 689, '2019-05-24 07:46:12'),
(318, 147, 689, '2019-05-24 07:56:04'),
(319, 148, 689, '2019-05-24 17:23:04'),
(320, 149, 689, '2019-05-24 17:39:46'),
(321, 150, 689, '2019-05-24 17:51:24'),
(322, 151, 689, '2019-05-24 18:04:26'),
(323, 152, 689, '2019-05-24 21:16:21'),
(324, 153, 126, '2019-05-25 13:15:27'),
(325, 153, 688, '2019-05-25 13:15:27'),
(326, 153, 690, '2019-05-25 13:15:27'),
(327, 154, 95, '2019-05-27 22:45:17'),
(328, 154, 126, '2019-05-27 22:45:17'),
(329, 154, 688, '2019-05-27 22:45:17'),
(330, 154, 690, '2019-05-27 22:45:17'),
(331, 155, 689, '2019-05-28 04:55:42'),
(332, 156, 689, '2019-05-28 05:04:15'),
(333, 157, 689, '2019-05-28 05:11:34'),
(334, 158, 689, '2019-05-28 05:18:58'),
(335, 159, 689, '2019-05-28 05:23:12'),
(336, 160, 689, '2019-05-28 15:25:26'),
(337, 161, 689, '2019-05-28 21:18:17'),
(338, 162, 689, '2019-05-28 21:28:07'),
(339, 163, 689, '2019-05-28 21:35:04'),
(340, 164, 689, '2019-05-28 21:40:20'),
(341, 165, 689, '2019-05-29 06:11:40'),
(342, 166, 689, '2019-05-29 06:15:28'),
(343, 167, 689, '2019-05-29 06:22:36'),
(344, 168, 689, '2019-05-29 06:28:30'),
(345, 169, 689, '2019-05-29 06:36:09'),
(346, 170, 689, '2019-05-29 14:19:59'),
(347, 171, 689, '2019-05-29 14:30:56'),
(348, 172, 689, '2019-05-29 14:41:07'),
(349, 173, 689, '2019-05-29 14:55:34'),
(350, 174, 689, '2019-06-03 16:48:30'),
(351, 175, 689, '2019-06-04 04:50:35'),
(352, 176, 689, '2019-06-04 04:59:02'),
(353, 177, 689, '2019-06-04 05:07:32'),
(354, 178, 689, '2019-06-04 05:15:16'),
(355, 179, 689, '2019-06-04 05:20:17'),
(356, 180, 689, '2019-06-04 05:24:30'),
(357, 181, 689, '2019-06-04 14:52:48'),
(358, 182, 689, '2019-06-04 16:34:10'),
(359, 183, 689, '2019-06-04 16:42:33'),
(360, 184, 689, '2019-06-04 16:53:48'),
(361, 185, 689, '2019-06-04 17:04:20'),
(362, 186, 689, '2019-06-04 17:39:00'),
(363, 187, 689, '2019-06-04 17:43:41'),
(364, 188, 689, '2019-06-04 18:06:57'),
(365, 189, 689, '2019-06-04 18:14:19'),
(366, 190, 689, '2019-06-04 18:29:07'),
(367, 191, 689, '2019-06-04 18:39:12');

-- --------------------------------------------------------

--
-- Structure de la table `t_reponses`
--

CREATE TABLE `t_reponses` (
  `id_reponse` int(11) NOT NULL,
  `Reponse` text COLLATE utf8_bin NOT NULL,
  `path_image_reponse` varchar(150) COLLATE utf8_bin NOT NULL,
  `Source_reponse` text COLLATE utf8_bin NOT NULL,
  `Nb_Pts_Reponse` int(11) NOT NULL DEFAULT '1',
  `Date_Depose_Reponse` timestamp NOT NULL DEFAULT CURRENT_TIMESTAMP ON UPDATE CURRENT_TIMESTAMP
) ENGINE=InnoDB DEFAULT CHARSET=utf8 COLLATE=utf8_bin;

--
-- Contenu de la table `t_reponses`
--

INSERT INTO `t_reponses` (`id_reponse`, `Reponse`, `path_image_reponse`, `Source_reponse`, `Nb_Pts_Reponse`, `Date_Depose_Reponse`) VALUES
(1, 'HDMI (High-Definition Multimedia Interface)', '', 'http://www.hdmi.org/learningcenter/faq.aspx#1', 2, '2013-02-24 23:43:38'),
(2, 'C\'est un contacteur triphasé', '', '', 2, '2013-02-24 00:00:00'),
(3, 'Un cable coaxial', '', 'http://www.computercablestore.com/Bulk_Coaxial_RG_59_Bulk_Coaxial_catID230.aspx', 2, '2013-02-24 00:00:00'),
(4, 'Volume d\'accessibilité au toucher', '', '2.1.12.19 NIBT', 4, '2013-02-27 00:00:00'),
(5, 'Hiérarchie légale en Suisse', '', 'NIBT Fig. 1.1.5a', 2, '2013-02-27 00:00:00'),
(6, 'La figure 1.3.1b représente le champ d\'action des effets de courants corporels pour un courant alternatif de 15 à 100 Hz. 1 En général pas d\'effets\n2 En général pas d\'effets physiologiques nocifs.\n3 Effets physiologiques. En général hypertension, crampes\nmusculaires, troubles respiratoires. Danger de\nfibrillation cardiaque peu important.\n4 Effets physiologiques plus importants avec danger accru\nde fibrillation cardiaque à partir de 200 mA environ\npour un temps d\'action de 400 ms\nc1 Fibrillation cardiaque < 5 % probable\nc2 Fibrillation cardiaque < 50 % probable\nc3 Fibrillation cardiaque > 50 % probable', '', 'NIBT F1.3.1 Effets directs sur l\'homme', 6, '2013-02-27 00:00:00'),
(7, 'Liaison équipotentielle de protection. La liaison équipotentielle de protection est une liaison électrique qui amène les masses des matériels et les parties conductrices étrangères au même, ou approximativement au même potentiel', '', 'NIBT figure 2.5.2a', 2, '2013-02-27 00:00:00'),
(8, 'Une diode électroluminescente (DEL), (en anglais : Light-Emitting Diode, LED), est un composant opto-électronique capable d\'émettre de la lumière lorsqu\'il est parcouru par un courant électrique. Une diode électroluminescente ne laisse passer le courant électrique que dans un seul sens (le sens passant, comme une diode classique, l\'inverse étant le sens bloquant) et produit un rayonnement monochromatique ou polychromatique non cohérent à partir de la conversion d\'énergie électrique lorsqu\'un courant la traverse.\n\nUn électron de la bande de valence peut passer dans la bande de conduction à condition d\'acquérir une énergie supplémentaire au moins égale à Delta E.\nC\'est l\'effet photoelectrique.\n\nUn électron de la bande de conduction peut passer dans une bande de valence. Dans ce cas il libère une énergie au moins égale à Delta E.\nCette énergie peut être :\n\n    Dissipée sous forme de chaleur (phonons),\n    émise sous forme de lumière (photons).\n\nC\'est l\'effet électroluminescence (visible ou non).\nhttp://www.positron-libre.com/cours/electronique/diode/led/diode-led.php', '', 'http://fr.wikipedia.org/wiki/Diode_%C3%A9lectroluminescente', 8, '2013-02-27 00:00:00'),
(9, 'relais temporisé', '', 'http://business.conrad.ch/medias/global/ce/5000_5999/5000/5030/5037/503704_BB_00_FB.EPS_1000.jpg', 13, '2013-02-27 00:00:00'),
(10, 'L\'appellation varie selon les constructeurs (Horloges modulaires Graesslin); Interrupteur horaires (EM); Horloges à segments (FINDER).\nGrâce aux segments (cavaliers non perdables) on peut programmer la commutation d\'un contact de commutation.\n', '', 'http://www.intermatic.com/fr/graesslin/commandes-des-minuteries/modules-des-minuteries#sort=%40fsortz32xorder16594%20ascending&f:@finriverz32xitemmechanismtype16594=[M%C3%A9canique]', 6, '2013-02-27 00:00:00'),
(11, '', '2013_02_27_22_14_54_1361999694.jpg', 'NIBT 4.2.4.2.1', 7, '2013-02-27 00:00:00'),
(12, 'Interrupteur de charge tripolaire, 63 A, 22 kW, IP66 ', '', 'http://literature.rockwellautomation.com/idc/groups/literature/documents/td/194-td002_-en-p.pdf', 2000, '2017-02-25 00:00:00'),
(13, 'Local Area Network', '2017_02_27_06_47_48_1488174468_R.jpg', 'Cours de télématique', 20, '2017-02-27 00:00:00'),
(14, 'Descendant du HUB, le switch, ou commutateur en français, est présent dans l\'ensemble des réseaux actuels. On le retrouve principalement dans une topologie de type étoile. Le switch est un matériel d\'interconnexion de type concentrateur réseau ', '2017_02_27_07_16_43_1488176203_R.jpg', 'http://www.commentcamarche.net/faq/17443-qu-est-ce-qu-un-switch', 10, '2017-02-27 00:00:00'),
(15, 'Le PIB (Point d\'introduction dans le bâtiment) (building entry point) établit la jonction optique entre la ligne de raccordement (câble principal et câble d\'introduction dans l\'immeuble) et la colonne montante pour le FTTH. C\'est dans le PIB\nque le câble extérieur est connecté au\ncâble intérieur avec l\'aide d\'un appareil d\'épissage par fusion.\nL\'OFCOM précise les types de câbles, les exigences de qualité pour les épissures ainsi que l\'installation et/ou le positionnement du PIB.', '', 'Installations multimédia. Brochure USIE', 10, '2017-03-11 00:00:00'),
(16, 'PRI Point de raccordement de l\'immeuble.\nNTS Point de coupure réseau cuivre(Netz-TrennStelle)\n\n\'', '2017_03_11_18_14_21_1489252461_R.jpg', 'Installations multimédia. Brochure USIE', 10, '2017-03-11 00:00:00'),
(17, 'Accès, colonne montante, câblage d\'appartement', '2017_03_11_23_47_36_1489272456_R.jpg', 'Installations multimédia. Brochure USIE', 8, '2017-03-11 00:00:00'),
(18, '', '2017_03_12_19_41_25_1489344085_R.jpg', 'Installations multimédia. Brochure USIE', 12, '2017-03-12 00:00:00'),
(19, '', '2017_03_12_21_10_44_1489349444_R.jpg', 'Installations multimédia. Brochure USIE', 12, '2017-03-12 00:00:00'),
(20, 'LNB (Low Noise Block) : Le LNB convertit les signaux sur des fréquences intermédiaires (950-2150 MHz) car les\ncâbles coaxiaux présentent des atténuations trop importantes pour les fréquences utilisées\npar les satellites (10.7-12.75 GHz), DISEQ : Le bus de commande DiSEqC (Digital Satellite Equipment Control) avec canal de retour a\nété développé pour permettre l\'utilisation d\'une antenne satellite avec plus de deux critères\nde commutation. Ce bus permet de contrôler jusqu\'à 256 composants différents d\'une installation\nde réception satellite.', '2017_03_12_22_43_48_1489355028_R.jpg', 'Cours de télématique', 10, '2017-03-12 00:00:00'),
(21, 'La modulation d\'amplitude consiste à faire varier l\'amplitude d\'un signal de fréquence élevée, le signal porteur, en fonction d\'un signal de plus basse fréquence, le signal modulant. Ce dernier est celui qui contient les données à transmettre (voix, par exemple)', '', 'http://www.epsic.ch/branches/radiohf/hf-200.html', 6, '2017-03-14 00:00:00'),
(22, 'Source de tension, avec une résistance interne et une charge.', '2017_03_15_18_40_36_1489599636_R.jpg', 'Cours d\'électrotechnique, CYR', 8, '2017-03-15 00:00:00'),
(23, 'Diode Zener. Les diodes Zener sont fréquemment utilisées pour réguler la tension dans un circuit. Lorsqu\'on la connecte en inverse en parallèle avec une source de tension variable, une diode Zener devient conductrice lorsque la tension atteint la tension d\'avalanche de la diode. Elle maintient ensuite la tension à cette valeur. C\'est donc un régulateur élémentaire de tension.', '', 'Cours d\'électronique', 12, '2017-03-18 00:00:00'),
(24, 'C\'est une diode Zener. Dans le sens conducteur, elle se comporte comme une diode "normale", dans l\'autre sens elle maintient à ses bornes la tension de Zener (ici 5.6 [V])', '', 'Cours d\'électronique', 12, '2017-03-18 00:00:00'),
(25, '4.5 Digits. 4 chiffres entiers et celui tout à gauche c\'est un demi digit', '', 'Cours d\'électricité', 6, '2017-03-18 00:00:00'),
(26, 'Eclairement d\'une surface ou d\'un point, intensité lumineuse et distance à la surface', '2017_03_18_19_04_41_1489860281_R.jpg', 'Cours d\'éclairagisme et formulaire CYR', 8, '2017-03-18 00:00:00'),
(27, '2000 Points. Il peut afficher de 0 à 1999. C\'est un 3.5 digits', '', 'Cours d\'électricité', 6, '2017-03-18 00:00:00'),
(28, '2% de 12 [mA] = 0.24 [mA] + 1 digit (0.1 [mA]) = 0.34 [mA]  ==> I = 12.0[mA] +- 0.34 [mA]', '', 'Cours d\'électricité', 14, '2017-03-19 00:00:00'),
(29, 'Connecteur SC-SC (Standard Connector ou Subscriber Connector). Subscriber ==> Abonné\n50/125µm - 50 micron diameter fiber core / 125 micron diameter cladding ', '', 'Cours de télécommunications et http://fibercablesdirect.com', 8, '2017-03-19 00:00:00'),
(30, 'MTRJ-MTRJ 50/125 Multimode Duplex Fiber Cable.\r\nMTRJ (Mechanical Transfer Registered Jack)', '', 'Cours de télécommunications et http://fibercablesdirect.com', 8, '2017-03-19 00:00:00'),
(31, 'LC-SC 62.5/125 Multimode Duplex Fiber Cable', '', 'Cours de télécommunications et http://fibercablesdirect.com', 8, '2017-03-19 00:00:00'),
(32, 'ST ST Duplex Fiber Patch Cable 62.5/125 Multimode', '', 'Cours de télécommunications et http://fibercablesdirect.com', 8, '2017-03-19 00:00:00'),
(33, 'Utilisé avec les fibres optiques et il se nomme E2000 (entreprise suisse)', '', 'Cours de télécommunications et http://www.ertyu.org/steven_nikkel/fiberconnect.html', 8, '2017-03-19 00:00:00'),
(34, 'Moteur asynchrone monophasé à pôles bagués. Le couple de démarrage résulte de l\'action des bagues de déphasage qui entourent chaque pôle. Si le flux magnétique diminue il se concentre dans les parties des pôles encerclées par les bagues. Utilisations : ventilateurs, pompes de machines à laver, électroménager... très mauvais rendement mais c\'est tellement facile à fabriquer....regardez du côté du soleil levant...', '2017_03_20_22_36_46_1490045806_R.jpg', 'Cours d\'électricité', 10, '2017-03-20 00:00:00'),
(35, 'NTC (Negative Temperature Coefficient) Plus la température augmente plus la résistance du composant diminue.', '2017_03_23_00_04_29_1490223869_R.jpg', 'Cours d\'électronique et wikipedia', 10, '2017-03-23 00:00:00'),
(36, 'C\'est le comportement physique d\'une PTC (Positive Temperature Coefficient). Plus la température augmente plus la résistance augmente.', '', 'Cours d\'électronique', 10, '2017-03-23 00:00:00'),
(37, ' l\'effort sur la manivelle crée un moment par rapport à l\'axe de rotation', '2017_03_23_19_25_44_1490293544_R.jpg', 'Cours d\'électricité et http://www.kfz-tech.de/Biblio/Formelsammlung/Drehmoment.htm', 6, '2017-03-23 00:00:00'),
(38, '', '2017_04_16_14_53_27_1492342257.R.JPG', 'NIBT figure 2.2.1.69', 14, '2017-04-16 00:00:00'),
(39, 'Utilisé dans la construction d\'appareils et de machines, dans les armoires de laboratoire et de climatisation, les chaudières de chauffage et à vapeur, les installations de transmission de chaleur.\nRégulateur de température ATH-1: point de commutation de l\'extérieur réglable par bouton de valeur de consigne, microrupteur avec contact de commutation\nLimiteur de température de sécurité ATH-70: réglage du point de commutation après retrait du bouchon de fermeture, microrupteur avec contact d\'ouverture et blocage du réenclenchement, déblocage manuel par bouton de rappel', '', 'https://www.distrelec.ch/fr/regulateur-thermostatique-ath-jumo-60002113/p/13664563?q=*&filter_Buyable=1&filter_Category4=R%C3%A9gulateur+thermostats&filter_Category3=R%C3%A9gulateurs+de+processus&page=6&origPos=6&origPageSize=50&simi=96.5', 8, '2017-04-16 00:00:00'),
(40, '9V (6LR61) une pile alcaline un type de pile électrique primaire dont l\'électrolyte est alcalin. Les modèles les plus courants sont la pile alcaline zinc-dioxyde de manganèse (Zn-MnO2), et la pile alcaline lithium-dioxyde de manganèse (Li-MnO2)', '', 'DURACELL, ENERGIZER, DISTRELEC, ETC', 10, '2017-04-16 00:00:00'),
(41, 'Chargeur pour batterie au plomb 12 V (automobile)', '', 'DISTRELEC', 4, '2017-04-16 00:00:00'),
(42, 'un relais thermique pour moteur', '', 'Cours d\'électrotechnique', 4, '2017-04-16 00:00:00'),
(43, 'Selon les DIT (avec la faute d\'orthographe d\'origine). Chapitre: Mises à la terre et liaison équipotentielle. (PA) Potentialausgleich... Merci aux traducteurs. ', '2017_04_16_13_31_26_1492342286_R.jpg', 'DIT', 8, '2017-04-16 00:00:00'),
(44, 'Règle des 5 doigts', '2017_04_19_02_00_06_1492560006_R.jpg', 'NIBT', 20, '2017-04-19 00:00:00'),
(45, '5 + 5 Règles', '2017_04_19_02_11_06_1492560666_R.jpg', 'NIBT', 20, '2017-04-19 00:00:00'),
(46, 'Règle des 5 doigts', '2017_04_19_02_27_57_1492561677_R.jpg', 'SUVA/NIBT', 10, '2017-04-19 00:00:00'),
(47, 'NIBT Figure 1.1.4.1 Principe à plusieurs couches (pelure d\'oignon)', '2017_05_09_09_39_32_1494315572_R.jpg', 'Figure 1.1.4.1 Principe à plusieurs couches (pelure d\'oignon)', 12, '2017-05-09 00:00:00'),
(48, 'Figure 1.1.4.2 Niveaux de protection', '2017_05_09_22_42_11_1494362531_R.jpg', 'NIBT Figure 1.1.4.2 Niveaux de protection', 14, '2017-05-09 00:00:00'),
(49, 'Tableau 1.1.4.3 Les trois niveaux de protection EPI', '2017_05_09_22_43_52_1494362632_R.jpg', 'NIBT Tableau 1.1.4.3 Les trois niveaux de protection EPI', 14, '2017-05-09 00:00:00'),
(50, 'L\'amiante est un minéral constitué de fibres extrêmement fines pénétrant facilement dans les poumons. En Suisse, il était essentiellement connu sous la marque commerciale « Eternit ». Résistant à des températures jusqu\'à 1000 °C et possédant de bonnes propriétés d\'isolation électrique et thermique, il présente une élasticité et une résistancemécanique élevées et se mélange facilement avec différents matériaux composites (ciment etc.).', '2017_05_09_22_50_25_1494363025_R.jpg', 'NIBT F1.2 Problématique de l’amiante', 14, '2017-05-09 00:00:00'),
(51, 'NIBT Tableau 2.2.3.1 Courants assignés normalisés pour les dispositifs de protection contre les surintensités', '2017_05_09_23_28_00_1494365280_R.jpg', 'NIBT Tableau 2.2.3.1 Courants assignés normalisés pour les dispositifs de protection contre les surintensités', 8, '2017-05-09 00:00:00'),
(52, 'NIBT Figure 2.3.1.1 Genres de défauts dans le réseau électrique', '2017_05_09_23_31_14_1494365474_R.jpg', 'NIBT Figure 2.3.1.1 Genres de défauts dans le réseau électrique', 12, '2017-05-09 00:00:00'),
(53, 'NIBT Fig. 2.3.2.1 Courant de défaut IF et circuit en défaut. IMPEDANCE EN ALTERNATIF', '2017_05_09_23_34_02_1494365642_R.jpg', 'NIBTFig. 2.3.2.1 Courant de défaut IF et circuit en défaut', 12, '2017-05-09 00:00:00'),
(54, 'NIBT Figure 2.3.4.1 Types de court-circuit dans le système TN pour réseau triphasé', '2017_05_10_10_49_37_1494406177_R.jpg', 'NIBT Figure 2.3.4.1 Types de court-circuit dans le système TN pour réseau triphasé', 10, '2017-05-10 00:00:00'),
(55, 'NIBT Figure 2.3.4.2.1 Impédances en cas de court-circuit pour le plus petit courant de court-circuit Ikmin', '2017_05_10_11_45_20_1494409520_R.jpg', 'NIBT Figure 2.3.4.2.1 Impédances en cas de court-circuit pour le plus petit courant de court-circuit Ikmin', 18, '2017-05-10 00:00:00'),
(56, 'Le coefficient de température exprimé en (1/Kelvin) varie légèrement selon les tables de constantes physiques. (pureté du métal)', '2017_05_10_17_39_02_1494430742_R.jpg', 'COURS', 12, '2017-05-10 00:00:00'),
(57, 'apprendre à transformer la formule', '2017_05_10_17_54_43_1494431683_R.jpg', 'COURS', 8, '2017-05-10 00:00:00'),
(58, 'Détecteur de lumière AP Merten, blanc, montage avec ventouse sur la vitre de la fenêtre, IP54', '', 'EM', 3, '2019-05-09 00:00:00'),
(59, 'Relais de commande pour volets roulants Merten, 49×52×22 mm, T 0°...60°C', '', 'EM', 3, '2019-05-09 00:00:00'),
(60, 'Relais capteur multifonction AMD Demelectric Eltako MSR12-UC, pour luminosité, ombrage, vent, pluie et gel, 5 sorties OptoMOS-semiconducteur ', '', 'EM', 3, '2019-05-09 00:00:00'),
(61, 'Ce capteur envoie  les  données  météorologiques:  luminosité , vent, pluie et gel au relais du capteur multifonction.', '', 'EM', 3, '2019-05-09 00:00:00'),
(62, 'Anémomètre IP54', '', 'EM', 3, '2019-05-09 00:00:00'),
(63, 'Cellule photosensible IP54', '', 'EM', 3, '2019-05-09 00:00:00'),
(64, 'Télérupteur ou relais pas à pas. Tension de commande universelle 8..230 [V] à l‘ entrée de commande +A1/-A2; 230 V avec un courant des lampes néon jusque 5 mA à l‘ entrée de commande (L)/-A2 (N). ', '', 'EM', 3, '2019-05-09 00:00:00'),
(65, 'Compteur d\'énergie triphasé, avec TI.', '', 'EM', 3, '2019-05-09 00:00:00'),
(66, 'Module radio de comptage d\'énergie pour raccordement des compteurs d’énergie monophasés et triphasés.', '', 'EM', 3, '2019-05-09 00:00:00'),
(67, 'Disjoncteur de moteur, classe de déclenchement 10 A, bornes de raccordement 10 mm², possibilité d\'incorporation de contacts auxiliaires, de contacts de signalisation, de déclencheurs à tension minimum.', '', 'EM', 3, '2019-05-10 00:00:00'),
(68, 'NTC (Negative Temperature Coefficient)', '', 'BOOKOFTABLES', 3, '2019-05-10 00:00:00'),
(69, 'PTC (Positive Temperature Coefficient)', '', 'BOOKOFTABLES', 3, '2019-05-10 00:00:00'),
(70, 'VDR (Voltage Dependent Resistor)', '', 'BOOKOFTABLES', 3, '2019-05-10 00:00:00'),
(71, 'Transistor NPN', '', 'BOOKOFTABLES', 3, '2019-05-10 00:00:00'),
(72, 'Transistor PNP', '', 'BOOKOFTABLES', 3, '2019-05-10 00:00:00'),
(73, 'Transistor PNP', '', 'BOOKOFTABLES', 3, '2019-05-10 00:00:00'),
(74, 'Transistor NPN', '', 'BOOKOFTABLES', 3, '2019-05-10 00:00:00'),
(75, 'Transistor NPN (Base, Emetteur, Collecteur)', '', 'BOOKOFTABLES', 3, '2019-05-10 00:00:00'),
(76, 'Transistor PNP (Base, Emetteur, Collecteur)', '', 'BOOKOFTABLES', 3, '2019-05-10 00:00:00'),
(77, 'Transistor PNP ou NPN (Base, Emetteur, Collecteur)', '', 'BOOKOFTABLES', 3, '2019-05-10 00:00:00'),
(78, 'Transistor PNP ou NPN (Base, Emetteur, Collecteur)', '', 'BOOKOFTABLES', 3, '2019-05-10 00:00:00'),
(79, 'Phototransistor NPN (Base, Emetteur, Collecteur)', '', 'BOOKOFTABLES', 3, '2019-05-10 00:00:00'),
(80, 'Phototransistor NPN (Base, Emetteur, Collecteur)', '', 'BOOKOFTABLES', 3, '2019-05-10 00:00:00'),
(81, 'Phototransistor NPN (Base, Emetteur, Collecteur)', '', 'BOOKOFTABLES', 3, '2019-05-10 00:00:00'),
(82, 'un thyristor', '', 'BOOKOFTABLES', 3, '2019-05-10 00:00:00'),
(83, 'un thyristor', '', 'BOOKOFTABLES', 3, '2019-05-10 00:00:00'),
(84, 'Station de charge murale pour voiture électrique, charge, temps d\'attente et dysfonctionnement, charge de puissance jusqu\'à 22 kW', '', 'EM', 3, '2019-05-10 00:00:00'),
(85, 'Radiateur de salles de bains pour un montage mural vertical, indicateur de commutation, protégé contre les projections d\'eau IP24, avec interrupteur à tirette, 230[V] 1200[W] argenté, trois niveaux de commutation.', '', 'https://www.moeschag.ch/fr/appareils-de-chauffage-ako/', 3, '2019-05-12 00:00:00'),
(86, 'Pour rassurer les utilisateurs. Une grande longueur d\'onde correspond aux (IR-C qui pénètrent moins profondément la peau). Voir le graphique.', '2019_05_12_16_34_27_1557671667_R.jpg', 'https://www.moeschag.ch/fr/appareils-de-chauffage-ako/', 3, '2019-05-12 00:00:00'),
(87, 'La paradiaphonie (NEXT-Near-End Crosstalk) est l\'une des mesures les plus importantes concernant les câbles. Il s\'agit de l\'interférence entre les signaux de deux paires à la même extrémité de liaison. La paradiaphonie se produit entre les paires de fils adjacentes (paradiaphonie de paire à paire).', '2019_05_13_01_43_38_1557704618_R.jpg', 'https://www.black-box.ch/chf-ch/page/25297/Information/Technical/black-box-explique/Cablage-cuivre/paradiaphonie', 3, '2019-05-13 00:00:00'),
(88, '433 [Mhz]', '2019_05_13_07_27_09_1557725229_R.jpg', 'OM', 3, '2019-05-13 00:00:00'),
(89, 'La paradiaphonie cumulée mesure la quantité de signal parasite issue de plusieurs paires à l\'extrémité locale, transmise vers une autre paire à l\'extrémité distante.', '2019_05_13_07_34_16_1557725656_R.jpg', 'https://www.black-box.ch/chf-ch/page/25297/Information/Technical/black-box-explique/Cablage-cuivre/paradiaphonie', 3, '2019-05-13 00:00:00'),
(90, 'Une ligne de transmission se compose des grandeurs suivantes: la résistance de ligne R, son inductance L, sa capacité C et sa conductance G.', '2019_05_13_14_34_36_1557750876_R.jpg', 'TECOMM_BRUNNER', 3, '2019-05-13 00:00:00'),
(91, 'En FO monomode ou multimode, l\'indice de réfraction constant varie par saut quand la lumière passe du coeur à la gaine. La lumière se propage selon des lignes brisées.', '', 'OM', 3, '2019-05-14 00:00:00'),
(92, 'En FO, le coeur possède un indice de réfraction qui décroit progressivement du centre à la périphérie suivant une courbe parabolique. La lumière change de direction moins brusquement lors de la réflexion ce qui diminue les pertes.', '', 'OM', 3, '2019-05-14 00:00:00'),
(93, '', '2019_05_14_07_22_55_1557811375_R.jpg', 'OM', 3, '2019-05-14 15:40:31'),
(94, 'Distance trop grande.', '2019_05_14_13_03_18_1557831798_R.jpg', 'TELECOM BRUNNER', 3, '2019-05-14 00:00:00'),
(95, '', '2019_05_14_17_27_44_1557847664_R.jpg', 'TECOMM_BRUNNER', 3, '2019-05-14 15:27:44'),
(96, '', '2019_05_14_17_28_16_1557847696_R.jpg', 'TECOMM_BRUNNER', 3, '2019-05-14 15:28:16'),
(97, 'Optical Time Domain Reflectometer', '2019_05_14_17_32_20_1557847940_R.jpg', 'TECOMM_BRUNNER', 3, '2019-05-14 19:47:16'),
(98, 'une fenêtre optique', '2019_05_14_17_39_06_1557848346_R.jpg', 'TECOMM_BRUNNER', 3, '2019-05-14 15:40:22'),
(99, 'Modulation de fréquence', '2019_05_14_20_19_21_1557857961_R.jpg', 'TECOMM_BRUNNER', 3, '2019-05-14 18:19:21'),
(100, 'Caractéristiques électriques d\'un démarrage étoile-triangle. En trait tillé, un moteur en démarrage direct. Le passage en "TRIANGLE" provoque une pointe de courant moins grande que si le dém. était direct.', '', 'FET COURS 3', 3, '2019-05-15 06:18:31'),
(101, 'Caractéristiques mécaniques d\'un démarrage étoile-triangle. En trait tillé, un moteur en démarrage direct. Le couple M[Nm] est faible au dém. jusqu\'au passage en "TRIANGLE" le dém. étoile-triangle est possible à vide et pour les faibles charges.', '', 'FET COURS 3', 3, '2019-05-15 06:22:36'),
(102, 'Caractéristique électriques d\'un "démarrage électronique progressif". Limite le courant de dém. à une valeur comprise entre 0.5 et 5In par découpage de la tension d\'alimentation ou par variation de la fréquence d\'alimentation.', '', 'FET COURS 3', 3, '2019-05-15 06:29:46'),
(103, '(1) Modification du nombre de paires de pôles du stator (Dahlander, mot. à enroulements séparés). (2) Variation de la fréquence d\'alimentation du stator.', '', 'FET COURS 3', 3, '2019-05-15 06:35:51'),
(104, 'Caractéristiques mécanique d\'un moteur alimenté par un variateur de fréquence.', '', 'FET COURS 3', 3, '2019-05-15 06:38:59'),
(105, 'Moteur monophasé à induction. Avec un 2ème enroulement Ea avec un condo en série CA, un 2ème champ magnétique déphasé de 90 degrés apparaît. La résultante de ces deux champs magnétiques est un champ magnétique tournant qui provoque la rotation du rotor.', '', 'FET COURS 3', 3, '2019-05-15 15:41:34'),
(106, 'Moteur monophasé à induction. Il faut croiser Z1 et Z2', '', 'FET COURS 3', 3, '2019-05-15 20:27:42'),
(107, 'Moteur monophasé asynchrone à pôles bagués. Le champ tournant apparaît grâce aux "bagues" qui provoquent une modification du champ magnétique, comme cette modification est en opposition le rotor se met à tourner. Ce système est possible pour des petites puissances uniquement.', '', 'FET COURS 3', 3, '2019-05-16 05:10:47'),
(108, 'Impossible de changer électriquement le sens de rotation du moteur monophasé asynchrone à pôles bagués.', '', 'FET COURS 3', 3, '2019-05-16 05:16:56'),
(109, 'Un moteur universel, comme un moteur série, fonctionne en DC et en AC. S\'il est à vide il peut s\'emballer.', '', 'FET COURS 3', 3, '2019-05-16 05:23:38'),
(110, 'Moteur DC. Stator aimant permanent inducteur. Rotor tôles ferromagnétiques avec des encoches pour recevoir les spires. Collecteur alimenté par les charbons, il joue le rôle de "redresseur" en inversant à chaque tour le sens du courant.', '', 'FET COURS 3', 3, '2019-05-17 06:34:39'),
(111, 'Moteur pas à pas à réluctance variable.\nIl existe 3 techniques pour les moteurs pas à pas,\n(1)Le moteur à réluctance variable.\n(2)Le moteur à aimants permanents.\n(3)Le moteur hybride, qui est une combinaison des deux techniques précédentes.', '', 'FET COURS 3', 3, '2019-05-18 12:13:55'),
(112, 'Moteur pas à pas à réluctance variable. En fonction de l\'alimentation des bobines du stator le rotor avance d\'un "pas" (angle de 30 degrés)', '', 'FET COURS 3', 3, '2019-05-17 07:34:01'),
(113, 'Moteur hybride (mot. électromagnétique avec un disque rotorique avec un aimant permanent et muni de dent comme celui à réluctance)', '', 'FET COURS 3', 3, '2019-05-17 19:42:24'),
(114, 'Moteur hybride pas de 18 degrés. Les bobines du stator sont alimentées deux à deux. Le rotor est aimanté, donc le rotor tourne.(pour comprendre.. <a href="https://youtu.be/Ew6eVGnj7r0" rel="noopener" target="_blank">https://youtu.be/Ew6eVGnj7r0</a>)', '', 'FET COURS 3', 3, '2019-05-18 12:43:20'),
(115, 'Des rotors. Moteurs universels. Le collecteur est un redresseur mécanique, donc ce rotor peut s\'utiliser en AC ou DC.', '', 'FET COURS 3', 3, '2019-05-18 12:02:55'),
(116, 'Rotor et stator d\'un moteur hybride(pas à pas). Il existe 3 techniques pour les moteurs pas à pas,\n(1)Le moteur à réluctance variable.\n(2)Le moteur à aimants permanents.\n(3)Le moteur hybride, qui est une combinaison des deux techniques précédentes.', '', 'FET COURS 3', 3, '2019-05-18 12:13:18'),
(117, 'Des moteurs pas à pas', '', 'OM', 3, '2019-05-18 13:02:01'),
(118, 'Commutateur de fin de course. Tête rotative. Manutention mécanique et de levage.', '', 'OM', 3, '2019-05-18 15:24:44'),
(119, 'Commutateur de fin de course.\nContact 11-12 : De 0 à 4.8 [mm] fermé (NC, Normally Closed) entre 4.8 [mm] et 8 [mm] est ouvert (NO, Normally Open).\nContact 13-14 (fermeture anticipée par rapport à 11-12) : De 0 à 3.5 [mm] OUVERT entre 3.5 [mm] et 8 [mm] est fermé.', '', 'OM', 3, '2019-05-18 16:05:13'),
(120, 'Effet "moteur". Une portion de circuit électrique parcourue par un courant et placée au voisinage d\'un aimant convenablement orienté est soumise à une force électromagnétique ou force de Laplace. Le sens de la force électromagnétique s\'inverse en même temps que le sens du courant.\n<a href="https://www.walter-fendt.de/html5/phfr/lorentzforce_fr.htm" rel="noopener" target="_blank">https://www.walter-fendt.de/html5/phfr/lorentzforce_fr.htm</a>)', '', 'https://www.walter-fendt.de', 3, '2019-05-19 10:30:45'),
(121, 'Générateur AC ou DC. L\'APPLET est très clair. <a href="https://www.walter-fendt.de/html5/phfr/generator_fr.htm" rel="noopener" target="_blank">https://www.walter-fendt.de/html5/phfr/generator_fr.htm</a>', '', 'https://www.walter-fendt.de', 6, '2019-05-19 12:39:18'),
(122, 'Un doigt d\'épreuve normalisé sert à vérifier la protection contre les contacts avec des parties sous tension.', '', 'NIBT COMPACT', 6, '2019-05-19 12:38:20'),
(123, 'Voici la réponse par l\'image...', '2019_05_19_14_25_46_1558268746_R.jpg', 'NIBT COMPACT', 6, '2019-05-20 08:15:38'),
(124, 'Voici la réponse par l\'image...', '2019_05_19_14_27_19_1558268839_R.jpg', 'NIBT COMPACT', 6, '2019-05-20 08:15:31'),
(125, 'Les propriétés caractéristiques des matériels doivent correspondre aux influences externes auxquelles ils sont exposés. Les caractéristiques importantes sont déterminées par le mode de protection IP XX ou par un essai de conformité. ', '2019_05_20_09_22_48_1558336968_R.jpg', 'NIBT COMPACT', 3, '2019-05-20 07:22:48'),
(126, 'Une hauteur de montage au maximum à 2 m du sol ou du pupitre de commande est en principe considérée comme adéquate pour tous les coupe-surintensités. La hauteur minimum ne doit pas être inférieure à 0,4 m.', '2019_05_20_09_25_02_1558337102_R.jpg', 'NIBT COMPACT', 3, '2019-05-20 07:25:02'),
(127, 'Pour les dispositifs de protection contre les surintensités montés dans des systèmes de barres omnibus ou incorporés dans ceux-ci, aucune limite supérieure n’est applicable à la hauteur de montage.', '2019_05_20_10_01_01_1558339261_R.jpg', 'NIBT COMPACT', 3, '2019-05-20 08:17:34'),
(128, 'La hauteur libre au-dessus du point de desserte ainsi que la largeur du passage entre les coupe-surintensités et le mur ou la barrière doit s\'élever au minimum à:\n(a) 1,9 m et 0,6 m conformément aux dimensions prescrites pour les couloirs de service\n(b) pour les dispositifs de protection contre les surintensités qui, en raison de la situation locale, doivent être montés sous des escaliers, des rampes, ou autres, la hauteur libre de >= 1.6 m, est applicable dans la mesure où les dispositifs de protection contre les surintensités sont distants de <= 0.6 m de la rampe et lorsque devant la rampe on respecte une distance >= 1.9 m et. 0.6 m pour l\'emplacement de desserte.', '2019_05_20_10_20_55_1558340455_R.jpg', 'NIBT COMPACT', 3, '2019-05-20 20:04:42'),
(129, 'L\'ouverture libre des fenêtres borgnes, niches, portes ou autres doit avoir les dimensions minimales suivantes:\n(a) tant qu\'aucun des dispositifs de protection contre les surintensités n\'est totalement ou partiellement recouvert.', '2019_05_20_21_50_27_1558381827_R.jpg', 'NIBT COMPACT', 3, '2019-05-20 21:36:24'),
(130, 'Voici la réponse par l\'image...', '2019_05_20_22_12_33_1558383153_R.jpg', 'NIBT COMPACT', 3, '2019-05-20 20:12:33'),
(131, 'Voici la réponse par l\'image...', '2019_05_20_22_24_57_1558383897_R.jpg', 'NIBT COMPACT', 3, '2019-05-20 20:24:57'),
(132, 'Voici la réponse par l\'image...', '2019_05_20_23_14_38_1558386878_R.jpg', 'NIBT COMPACT', 3, '2019-05-20 21:14:38'),
(133, 'Voici la réponse par l\'image...', '2019_05_20_23_14_59_1558386899_R.jpg', 'NIBT COMPACT', 3, '2019-05-20 21:14:59'),
(134, 'Pour les câbles numérotés sans conducteurs bleus, le conducteur avec le plus petit numéro doit être utilisé comme conducteur neutre. Celui-ci doit être marqué en bleu aux extrémités.', '2019_05_20_23_28_22_1558387702_R.jpg', 'NIBT COMPACT', 3, '2019-05-20 21:35:08'),
(135, 'Voici la réponse par l\'image...', '2019_05_21_00_28_18_1558391298_R.jpg', 'NIBT COMPACT', 3, '2019-05-20 22:28:18'),
(136, 'Voici la réponse par l\'image...', '2019_05_21_00_29_25_1558391365_R.jpg', 'NIBT COMPACT', 3, '2019-05-20 22:29:25'),
(137, 'Voici la réponse par l\'image...', '2019_05_21_00_29_45_1558391385_R.jpg', 'NIBT COMPACT', 3, '2019-05-20 22:29:45'),
(138, 'Voici la réponse par l\'image...', '2019_05_22_10_08_04_1558512484_R.jpg', 'NIBT COMPACT', 3, '2019-05-22 08:08:04'),
(139, 'Voici la réponse par l\'image...', '2019_05_22_10_15_10_1558512910_R.jpg', 'NIBT COMPACT', 3, '2019-05-22 08:15:10'),
(140, 'Voici la réponse par l\'image...', '2019_05_22_10_19_22_1558513162_R.jpg', 'NIBT COMPACT', 3, '2019-05-22 08:19:22'),
(141, 'Le courant admissible indiqué est valable pour une température ambiante de 30°C Les valeurs du tableau doivent être multipliées par le facteur correspondant pour les températures ambiantes différentes.', '', 'NIBT COMPACT', 3, '2019-05-23 21:48:29'),
(142, 'Lorsque plusieurs circuits sont rassemblés dans un groupe, dans un conduit, dans un canal, etc., les canalisations s\'échauffent mutuellement. Le courant admissible des différents conducteurs diminue. C\'est pourquoi les courants admissibles doivent être multipliés par les facteurs de correction correspondants.\nLorsque la distance libre horizontale entre des câbles ou canalisations contigües dépasse le double de leur diamètre extérieur, aucun facteur de correction ne doit être appliqué groupement = 1.', '', 'NIBT COMPACT', 3, '2019-05-23 21:51:16'),
(143, 'Le facteur de correction combiné pour le groupement et la simultanéité ne peut être utilisé que lorsque les circuits ne sont pas utilisés simultanément et pas chargés à 100%.', '', 'NIBT COMPACT', 3, '2019-05-23 21:54:30'),
(144, 'Le nombre de conducteurs à considérer dans un circuit est celui des conducteurs effectivement parcourus par le courant de charge. Lorsque, dans un circuit polyphasé les courants sont supposés équilibrés, il n\'y a pas lieu de tenir compte en règle générale du conducteur neutre correspondant.', '2019_05_23_23_59_56_1558648795_R.jpg', 'NIBT COMPACT', 3, '2019-05-23 22:03:44'),
(145, 'Voici la réponse par l\'image...', '2019_05_24_00_08_35_1558649315_R.jpg', 'NIBT COMPACT', 3, '2019-05-23 22:08:35'),
(146, '', '2019_05_24_09_46_12_1558683972_R.jpg', 'NIBT COMPACT', 3, '2019-05-24 07:46:12'),
(147, '5.2.6.2.2 Dans les installations selon le système TN, les conducteurs ayant une fonction de protection ne peuvent être raccordés au luminaire qu\'à condition qu\'aucune prise ou appareil devant être mis à la terre ne soient raccordés à l\'aval.', '2019_05_24_09_56_04_1558684564_R.jpg', 'NIBT COMPACT', 3, '2019-05-24 07:56:04'),
(148, 'Figure 5.2.6.2.2.2 Installation de luminaire avec conducteur de protection séparé.', '2019_05_24_19_23_03_1558718583_R.jpg', 'NIBT COMPACT', 3, '2019-05-24 17:23:04'),
(149, 'Figure 5.2.6.2.2.3 Installation de plusieurs luminaires avec conducteur de protection séparé', '2019_05_24_19_39_46_1558719586_R.jpg', 'NIBT COMPACT', 3, '2019-05-24 17:39:46'),
(150, 'Des harmoniques. 5.2.6.2.3 Dans les circuits 2LN et 3LN il faut prendre garde au fait que des surcharges pourraient apparaître sur les points de connexion d\'un conducteur neutre commun.\nLorsque dans les circuits 2LN et 3LN, sont branchés des récepteurs monophasés de différents types (ohmiques, inductifs, capacitifs) entre les conducteurs de phases et le neutre commun, il existe le risque que le conducteur neutre et par conséquent ses points de connexion soient surchargés. Ce sont particulièrement les bornes enfichables du conducteur neutre des prises montées dans les circuits 2LN, et 3LN qui sont mises en danger lorsque des récepteurs LN sont branchés. C\'est pourquoi le conducteur neutre ne doit pas être ponté d\'une prise à l\'autre.', '', 'NIBT COMPACT', 3, '2019-05-24 21:51:11'),
(151, '', '2019_05_24_20_04_26_1558721066_R.jpg', 'NIBT COMPACT', 3, '2019-05-24 18:04:26'),
(152, '5.3.1.3.5.1 Les dispositifs de protection (DDR) ne peuvent pas être utilisés dans les systèmes TNC. Dans les systèmes TN-C-S, la liaison du conducteur de protection avec le conducteur PEN ne doit être établie que du côté alimentation du dispositif (DDR).', '2019_05_24_23_16_21_1558732581_R.jpg', 'NIBT COMPACT', 3, '2019-05-24 21:16:21'),
(153, 'Voir CHAPITRE 11, page 11-21 (Denis Schneider).\nEn étoile I=Iphase. En Triangle U=Uph', '', 'NIBT COMPACT', 3, '2019-05-25 13:33:10'),
(154, 'C = 5.85[nF]', '2019_05_28_00_45_17_1558997117_R.jpg', 'NIBT COMPACT', 3, '2019-05-27 22:45:17'),
(155, '5.3.6.1.2 Sélectivité. On est en présence d\'une sélectivité lorsqu\'à l\'apparition de surintensités seul le dispositif de protection directement en amont du point de défaut se déclenche.\nLe point d\'intersection s de la courbe caractéristique temps/courant des deux dispositifs de protection constitue le seuil de sélectivité. La sélectivité est présente jusqu\'à ce courant limite IS.', '', 'NIBT COMPACT', 3, '2019-05-28 04:56:22'),
(156, '5.3.6.2.3 L\'intensité assignée d‘un dispositif de protection à courant différentiel-résiduel (DDR) ne doit pas être inférieure à l\'intensité de déclenchement assignée du coupe-surintensité immédiatement en amont.', '', 'NIBT COMPACT', 3, '2019-05-28 05:13:15'),
(157, 'Voici la réponse par l\'image...(c\'est 40 [A], c\'est une erreur dans la NIBT COMPACT', '2019_05_28_07_11_34_1559020294_R.jpg', 'NIBT COMPACT', 3, '2019-05-28 05:13:04'),
(158, 'Voici la réponse par l\'image...', '2019_05_28_07_18_58_1559020738_R.jpg', 'NIBT COMPACT', 3, '2019-05-28 05:18:58'),
(159, 'Voici la réponse par l\'image...', '2019_05_28_07_23_12_1559020992_R.jpg', 'NIBT COMPACT', 3, '2019-05-28 05:23:12'),
(160, '5.3.9.1 Tous les matériels électriques et les parties sous tension doivent être protégés dans tous les cas contre le contact fortuit. Le câblage sur les portes doit être posé dans un conduit ou en utilisant des câbles.', '2019_05_28_17_25_26_1559057126_R.jpg', 'NIBT COMPACT', 3, '2019-05-28 15:25:26'),
(161, '5.3.9.5a en fonction de l\'intensité de déclenchement assignée du dispositif de protection contre les surintensités intégré ou placé en amont dans l\'ensemble d\'appareillage.', '', 'NIBT COMPACT', 3, '2019-05-28 21:27:57'),
(162, '5.3.9.5b selon la somme des intensités de déclenchement assignées de tous les coupe-surintensités couplés en parallèle avec facteur de simultanéité.', '2019_05_28_23_28_07_1559078887_R.jpg', 'NIBT COMPACT', 3, '2019-05-28 21:28:07'),
(163, '5.3.9.5c en fonction de la somme des intensités assignées des récepteurs fixes raccordés à l\'ensemble d\'appareillage', '2019_05_28_23_35_04_1559079304_R.jpg', 'NIBT COMPACT', 3, '2019-05-28 21:35:04'),
(164, '5.3.9.5d en fonction de la somme des intensités assignées des récepteurs (x) fixes raccordés à l\'ensemble d\'appareillage et de la somme des intensités assignées de déclenchement des coupe-surintensité (y).', '2019_05_28_23_40_20_1559079620_R.jpg', 'NIBT COMPACT', 3, '2019-05-28 21:49:59'),
(165, 'Voici la réponse par l\'image...', '2019_05_29_08_11_40_1559110300_R.jpg', 'NIBT COMPACT', 3, '2019-05-29 06:11:40'),
(166, 'Voici la réponse par l\'image...', '2019_05_29_08_15_28_1559110528_R.jpg', 'NIBT COMPACT', 3, '2019-05-29 06:15:28'),
(167, 'Voici la réponse par l\'image...', '2019_05_29_08_22_36_1559110956_R.jpg', 'NIBT COMPACT', 30, '2019-05-29 06:22:36'),
(168, '5.3.9.8.3 Distances d\'isolement et lignes de fuite. Pour les parties nues sous tension entre elles et envers les surfaces de montage conductrices et les barrières, il est nécessaire de respecter les distances minimum suivantes : (5.3.9.7 Conditions d’emploi. Degré de pollution 2: pollution non conductrice)', '2019_05_29_08_28_30_1559111310_R.jpg', 'NIBT COMPACT', 3, '2019-05-29 06:31:16'),
(169, 'Voici la réponse par l\'image...', '2019_05_29_08_36_09_1559111769_R.jpg', 'NIBT COMPACT', 3, '2019-05-29 06:36:09'),
(170, 'Voici la réponse par l\'image...', '2019_05_29_16_19_59_1559139599_R.jpg', 'NIBT COMPACT', 3, '2019-05-29 14:19:59'),
(171, 'Voici la réponse par l\'image...', '2019_05_29_16_30_56_1559140256_R.jpg', 'NIBT COMPACT', 3, '2019-05-29 14:30:56'),
(172, 'Voici la réponse par l\'image...', '2019_05_29_16_41_07_1559140867_R.jpg', 'NIBT COMPACT', 6, '2019-05-29 14:41:07'),
(173, '5.3.9.8.6 Circuits principaux. Les conducteurs et/ou les barres omnibus sont dimensionnés comme suit :', '2019_05_29_16_55_34_1559141734_R.jpg', 'NIBT COMPACT', 6, '2019-05-29 14:55:34'),
(174, 'On se base sur la loi de Joule : W = R*I^2*t [J]', '', 'NIBT COMPACT', 3, '2019-06-03 19:35:23'),
(175, 'Voici la réponse par l\'image...', '2019_06_04_06_50_35_1559623835_R.jpg', 'NIBT COMPACT', 3, '2019-06-04 04:50:35'),
(176, 'Voici la réponse par l\'image...', '2019_06_04_06_59_02_1559624342_R.jpg', 'NIBT COMPACT', 3, '2019-06-04 04:59:02'),
(177, 'Voici la réponse par l\'image...', '2019_06_04_07_07_32_1559624852_R.jpg', 'NIBT COMPACT', 3, '2019-06-04 05:07:32'),
(178, 'Voici la réponse par l\'image...', '2019_06_04_07_15_16_1559625316_R.jpg', 'NIBT COMPACT', 6, '2019-06-04 05:15:16'),
(179, 'Voici la réponse par l\'image...', '2019_06_04_07_20_17_1559625617_R.jpg', 'NIBT COMPACT', 6, '2019-06-04 05:20:17'),
(180, 'Voici la réponse par l\'image...', '2019_06_04_07_24_30_1559625870_R.jpg', 'NIBT COMPACT', 6, '2019-06-04 05:24:30'),
(181, 'Voici la réponse par l\'image...', '2019_06_04_16_52_48_1559659968_R.jpg', 'NIBT COMPACT', 6, '2019-06-04 14:52:48'),
(182, 'Voici la réponse par l\'image...', '2019_06_04_18_34_10_1559666050_R.jpg', 'NIBT COMPACT', 6, '2019-06-04 16:34:10'),
(183, '6.1.3.2.1 Vérification de la continuité du conducteur de protection et de l\'efficacité des liaisons équipotentielles de protection principales et supplémentaires.', '', 'NIBT COMPACT', 3, '2019-06-04 16:56:52'),
(184, '6.1.3.2.1 Mesure de la conductivité avec une source de courant dont la tension à vide est comprise entre 4 et 24 [V] continu ou alternatif et délivre un courant d\'au moins 0,2[A]. (Le terme source de courant est erroné, mais c\'est DANS la NIBT, donc c\'est JUSTE !!!!!??? hihi... Olivier Maccaud)', '', 'NIBT COMPACT', 3, '2019-06-04 17:26:56'),
(185, '6.1.3.3.1 Valeurs minimales des résistances d\'isolement. La résistance d\'isolement doit être mesurée entre les conducteurs actifs et le conducteur de protection relié à la terre. Sont considérés comme conducteurs actifs, c.-à- d. conduisant du courant de service, les conducteurs de phases et le conducteur neutre. En revanche, le conducteur PEN est considéré comme conducteur de terre. ', '2019_06_04_19_04_20_1559667860_R.jpg', 'NIBT COMPACT', 3, '2019-06-04 17:04:50'),
(186, 'Voici la réponse par l\'image...', '2019_06_04_19_39_00_1559669940_R.jpg', 'NIBT COMPACT', 6, '2019-06-04 17:39:00'),
(187, '6.1.3.6.1 Coupure automatique de l’alimentation électrique.\nPour les circuits terminaux <= 32[A], le seuil de coupure applicable est <= 0,4[s].\nPour les circuits terminaux >= 32[A] et pour les circuits de distribution, le seuil de coupure est <= 5[s].', '2019_06_04_19_43_41_1559670221_R.jpg', 'NIBT COMPACT', 6, '2019-06-04 18:48:32'),
(188, 'Voici la réponse par l\'image...', '2019_06_04_20_06_57_1559671617_R.jpg', 'NIBT COMPACT', 6, '2019-06-04 18:06:57'),
(189, 'Voici la réponse par l\'image...', '2019_06_04_20_14_19_1559672059_R.jpg', 'NIBT COMPACT', 6, '2019-06-04 18:14:19'),
(190, 'Le camping car est conduit par Walter White (Breaking Bad)', '2019_06_04_20_29_07_1559672947_R.jpg', 'NIBT COMPACT', 6, '2019-06-04 18:29:07'),
(191, 'Voici la réponse par l\'image...', '2019_06_04_20_39_12_1559673552_R.jpg', 'NIBT COMPACT', 6, '2019-06-04 18:39:12');

-- --------------------------------------------------------

--
-- Structure de la table `t_sous_categorie`
--

CREATE TABLE `t_sous_categorie` (
  `Id_Sous_Categorie` int(11) NOT NULL,
  `Name_Sub_category` varchar(54) COLLATE utf8_bin NOT NULL,
  `Nom_Sous_Categorie` varchar(54) COLLATE utf8_bin NOT NULL
) ENGINE=InnoDB DEFAULT CHARSET=utf8 COLLATE=utf8_bin;

--
-- Contenu de la table `t_sous_categorie`
--

INSERT INTO `t_sous_categorie` (`Id_Sous_Categorie`, `Name_Sub_category`, `Nom_Sous_Categorie`) VALUES
(1, '', 'câble électrique'),
(2, '', 'NIBT'),
(3, '', 'matériel électrique'),
(4, '', 'interrupteur horaire'),
(5, '', 'contacteur'),
(6, '', 'loi fédérale'),
(7, '', 'ordonnance fédérale'),
(8, '', 'matériel électronique'),
(9, '', 'semiconducteur'),
(10, '', 'diode'),
(11, '', 'LED'),
(12, '', 'source lumineuse'),
(13, '', 'sécurité'),
(14, '', 'sectionneur'),
(15, '', 'interrupteur'),
(16, '', 'commande de moteur'),
(17, '', 'interrupteur de charge'),
(18, '', 'télécommunication'),
(19, '', 'télématique'),
(20, '', 'réseau informatique'),
(21, '', 'informatique'),
(22, '', 'réseau de télécommunication'),
(23, '', 'réseau électrique "distribution"'),
(24, 'modulation', 'modulation'),
(25, '', 'circuit'),
(26, '', 'résistance'),
(27, '', 'moteur électrique'),
(28, '', 'lumière'),
(29, '', 'éclairagisme'),
(30, '', 'formule'),
(31, '', 'mesure'),
(32, '', 'connecteur'),
(33, '', 'fibre optique'),
(34, '', 'mécanique'),
(35, '', 'moment'),
(36, '', 'zener'),
(37, '', 'transistor'),
(38, '', 'optocoupleur'),
(39, '', 'multimètre'),
(40, '', 'effet Hall'),
(41, '', 'résonnance'),
(42, '', 'onduleur'),
(43, '', 'redresseur'),
(44, '', 'thyristor'),
(45, '', 'glissement'),
(46, '', 'commutateur'),
(47, '', 'balais'),
(48, '', 'DIT'),
(49, '', 'transformateur'),
(50, '', 'antenne'),
(51, '', 'RLC'),
(52, '', 'compteur'),
(53, '', 'DDR'),
(54, '', 'KNX'),
(55, '', 'API'),
(56, '', 'RL'),
(57, '', 'RC'),
(58, '', 'tube'),
(59, '', 'conduit'),
(60, '', 'canal'),
(61, '', 'chauffage'),
(62, '', 'radiateur'),
(63, '', 'goulotte'),
(64, '', 'capteur'),
(65, '', 'relais'),
(66, '', 'logique'),
(67, '', 'OIBT'),
(68, '', 'OMBT'),
(69, '', 'LIE'),
(70, '', 'rendement'),
(71, '', 'vecteur'),
(72, '', 'inductance'),
(73, '', 'TV');

-- --------------------------------------------------------

--
-- Structure de la table `t_tags`
--

CREATE TABLE `t_tags` (
  `id_tags` int(11) NOT NULL,
  `Nom_tag` varchar(255) COLLATE utf8_bin NOT NULL
) ENGINE=InnoDB DEFAULT CHARSET=utf8 COLLATE=utf8_bin;

--
-- Index pour les tables exportées
--

--
-- Index pour la table `t_a_tags`
--
ALTER TABLE `t_a_tags`
  ADD PRIMARY KEY (`id_a_tags`),
  ADD KEY `fk_question` (`fk_question`),
  ADD KEY `fk_tags` (`fk_tags`);

--
-- Index pour la table `t_categories`
--
ALTER TABLE `t_categories`
  ADD PRIMARY KEY (`id_categorie`);

--
-- Index pour la table `t_corr_quest_rep`
--
ALTER TABLE `t_corr_quest_rep`
  ADD PRIMARY KEY (`id_t_corr_quest_rep`),
  ADD KEY `FK_QUESTION_QR` (`FK_QUESTION_QR`),
  ADD KEY `FK_REPONSE_QR` (`FK_REPONSE_QR`);


--
-- Index pour la table `t_questions`
--
ALTER TABLE `t_questions`
  ADD PRIMARY KEY (`id_question`);

--
-- Index pour la table `t_question_souscat`
--
ALTER TABLE `t_question_souscat`
  ADD PRIMARY KEY (`Id_Question_SousCat`),
  ADD KEY `FK_QUESTION_QR` (`FK_QUESTION_QR`),
  ADD KEY `fk_sous_categorie` (`fk_sous_categorie`);

--
-- Index pour la table `t_quest_categories`
--
ALTER TABLE `t_quest_categories`
  ADD PRIMARY KEY (`id_T_Quest_Categories`),
  ADD KEY `fk_question` (`fk_question`),
  ADD KEY `fk_categorie` (`fk_categorie`);

--
-- Index pour la table `t_reponses`
--
ALTER TABLE `t_reponses`
  ADD PRIMARY KEY (`id_reponse`);

--
-- Index pour la table `t_sous_categorie`
--
ALTER TABLE `t_sous_categorie`
  ADD PRIMARY KEY (`Id_Sous_Categorie`);

--
-- Index pour la table `t_tags`
--
ALTER TABLE `t_tags`
  ADD PRIMARY KEY (`id_tags`),
  ADD UNIQUE KEY `Nom_tag` (`Nom_tag`);

--
-- AUTO_INCREMENT pour les tables exportées
--

--
-- AUTO_INCREMENT pour la table `t_a_tags`
--
ALTER TABLE `t_a_tags`
  MODIFY `id_a_tags` int(11) NOT NULL AUTO_INCREMENT;
--
-- AUTO_INCREMENT pour la table `t_categories`
--
ALTER TABLE `t_categories`
  MODIFY `id_categorie` int(11) NOT NULL AUTO_INCREMENT, AUTO_INCREMENT=691;
--
-- AUTO_INCREMENT pour la table `t_corr_quest_rep`
--
ALTER TABLE `t_corr_quest_rep`
  MODIFY `id_t_corr_quest_rep` int(11) NOT NULL AUTO_INCREMENT, AUTO_INCREMENT=192;
--
-- AUTO_INCREMENT pour la table `t_questions`
--
ALTER TABLE `t_questions`
  MODIFY `id_question` int(11) NOT NULL AUTO_INCREMENT, AUTO_INCREMENT=192;
--
-- AUTO_INCREMENT pour la table `t_question_souscat`
--
ALTER TABLE `t_question_souscat`
  MODIFY `Id_Question_SousCat` int(11) NOT NULL AUTO_INCREMENT, AUTO_INCREMENT=241;
--
-- AUTO_INCREMENT pour la table `t_quest_categories`
--
ALTER TABLE `t_quest_categories`
  MODIFY `id_T_Quest_Categories` int(11) NOT NULL AUTO_INCREMENT, AUTO_INCREMENT=368;
--
-- AUTO_INCREMENT pour la table `t_reponses`
--
ALTER TABLE `t_reponses`
  MODIFY `id_reponse` int(11) NOT NULL AUTO_INCREMENT, AUTO_INCREMENT=192;
--
-- AUTO_INCREMENT pour la table `t_sous_categorie`
--
ALTER TABLE `t_sous_categorie`
  MODIFY `Id_Sous_Categorie` int(11) NOT NULL AUTO_INCREMENT, AUTO_INCREMENT=74;
--
-- AUTO_INCREMENT pour la table `t_tags`
--
ALTER TABLE `t_tags`
  MODIFY `id_tags` int(11) NOT NULL AUTO_INCREMENT;
--
-- Contraintes pour les tables exportées
--

--
-- Contraintes pour la table `t_a_tags`
--
ALTER TABLE `t_a_tags`
  ADD CONSTRAINT `t_a_tags_ibfk_1` FOREIGN KEY (`fk_question`) REFERENCES `t_questions` (`id_question`),
  ADD CONSTRAINT `t_a_tags_ibfk_2` FOREIGN KEY (`fk_tags`) REFERENCES `t_tags` (`id_tags`);

--
-- Contraintes pour la table `t_corr_quest_rep`
--
ALTER TABLE `t_corr_quest_rep`
  ADD CONSTRAINT `t_corr_quest_rep_ibfk_1` FOREIGN KEY (`FK_QUESTION_QR`) REFERENCES `t_questions` (`id_question`),
  ADD CONSTRAINT `t_corr_quest_rep_ibfk_2` FOREIGN KEY (`FK_REPONSE_QR`) REFERENCES `t_reponses` (`id_reponse`);

--
-- Contraintes pour la table `t_question_souscat`
--
ALTER TABLE `t_question_souscat`
  ADD CONSTRAINT `t_question_souscat_ibfk_1` FOREIGN KEY (`FK_QUESTION_QR`) REFERENCES `t_questions` (`id_question`),
  ADD CONSTRAINT `t_question_souscat_ibfk_2` FOREIGN KEY (`fk_sous_categorie`) REFERENCES `t_sous_categorie` (`Id_Sous_Categorie`);

--
-- Contraintes pour la table `t_quest_categories`
--
ALTER TABLE `t_quest_categories`
  ADD CONSTRAINT `t_quest_categories_ibfk_1` FOREIGN KEY (`fk_question`) REFERENCES `t_questions` (`id_question`),
  ADD CONSTRAINT `t_quest_categories_ibfk_2` FOREIGN KEY (`fk_categorie`) REFERENCES `t_categories` (`id_categorie`);

/*!40101 SET CHARACTER_SET_CLIENT=@OLD_CHARACTER_SET_CLIENT */;
/*!40101 SET CHARACTER_SET_RESULTS=@OLD_CHARACTER_SET_RESULTS */;
/*!40101 SET COLLATION_CONNECTION=@OLD_COLLATION_CONNECTION */;
